Soci‚t‚/Company;CodeISIN/ISINCode;March‚/Market;Compartiment/Compartment;Pays d'incorporation/Country of Incorporation
2CRSI;FR0013341781;Euronext Growth Paris;Euronext Growth;France
5TH PLANET GAMES;DK0060945467;Oslo Bors;Compartment C;Denmark
74SOFTWARE;FR0011040500;Euronext Paris;Compartment B;France
A.B.P. NOCIVELLI;IT0005439861;Euronext Growth Milan;Euronext Growth;Italy
AASEN SPAREBANK;NO0010672181;Euronext Growth Oslo;Euronext Growth;Norway
AATECH;IT0005548521;Euronext Growth Milan;Euronext Growth;Italy
AB SCIENCE;FR0010557264;Euronext Paris;Compartment B;France
ABC ARBITRAGE;FR0004040608;Euronext Paris;Compartment B;France
ABC COMPANY;IT0005466294;Euronext Growth Milan;Euronext Growth;Italy
ABEO;FR0013185857;Euronext Paris;Compartment C;France
ABG SUNDAL COLLIER HOLDING;NO0003021909;Oslo Bors;Compartment B;Norway
ABIONYX PHARMA;FR0012616852;Euronext Paris;Compartment C;France
ABITARE IN;IT0005445280;Euronext Milan;Compartment C;Italy
ABIVAX;FR0012333284;Euronext Paris;Compartment B;France
ABL Diagnostics;FR001400AHX6;Euronext Paris;Compartment B;France
ABO GROUP ENVIRONMENT;BE0974278104;Euronext Brussels;Compartment C;Belgium
ACCENTIS;BE0003696102;Euronext Brussels;Compartment C;Belgium
ACE DIGITAL AS;NO0013531616;Euronext Growth Oslo;Euronext Growth;Norway
Acheter-Louer.fr;FR0014011O84;Euronext Growth Paris;Euronext Growth;France
ACINQUE;IT0001382024;Euronext Milan;Compartment B;Italy
ACOMO N.V.;NL0000313286;Euronext Amsterdam;Compartment B;Netherlands
ACQUAZZURRA;IT0005443061;Euronext Growth Milan;Euronext Growth;Italy
ACTEOS;FR0000076861;Euronext Paris;Compartment C;France
ACTIA GROUP S.A.;FR0000076655;Euronext Growth Paris;Euronext Growth;France
ACTIVIUM GROUP;FR0010979377;Euronext Access Paris;Euronext Access;France
ADEC INNOVATIONS;NL0015002K91;Euronext Access Brussels;Euronext Access;Netherlands
ADEUNIS;FR0013284627;Euronext Growth Paris;Euronext Growth;France
ADOCIA;FR0011184241;Euronext Paris;Compartment C;France
ADOMOS;FR00140153H3;Euronext Growth Paris;Euronext Growth;France
ADS MARITIME HOLDING PLC;CY0108052115;Euronext Growth Oslo;Euronext Growth;Cyprus
ADUX;FR0012821890;Euronext Growth Paris;Euronext Growth;France
ADVENTURE;IT0005607715;Euronext Growth Milan;Euronext Growth;Italy
ADVICENNE;FR0013296746;Euronext Growth Paris;Euronext Growth;France
ADVINI;FR0000053043;Euronext Growth Paris;Euronext Growth;France
AEDES;IT0005708174;Euronext Milan;Compartment C;Italy
AEFFE;IT0001384590;Euronext Milan;Compartment C;Italy
AELIS FARMA;FR0014007ZB4;Euronext Paris;Compartment B;France
AEROPORTO GUGLIELMO MARCONI DI BOLOGNA;IT0001006128;Euronext Milan;Compartment B;Italy
AF GRUPPEN;NO0003078107;Oslo Bors;Compartment A;Norway
AFYREN;FR0014005AC9;Euronext Growth Paris;Euronext Growth;France
AG3I;FR0011908045;Euronext Access Paris;Euronext Access;France
AGFA-GEVAERT;BE0003755692;Euronext Brussels;Compartment B;Belgium
AGILYX ASA;NO0010872468;Oslo Bors;Compartment B;Norway
AGRIPOWER;FR0013452281;Euronext Growth Paris;Euronext Growth;France
AgroGeneration;FR0010641449;Euronext Growth Paris;Euronext Growth;France
AJAX;NL0000018034;Euronext Amsterdam;Compartment B;Netherlands
AKASTOR;NO0010215684;Oslo Bors;Compartment B;Norway
AKER BIOMARINE ASA;NO0010886625;Oslo Bors;Compartment B;Norway
AKER SOLUTIONS;NO0010716582;Oslo Bors;Compartment A;Norway
AKOBO MINERALS AB (PUB);SE0015193412;Euronext Growth Oslo;Euronext Growth;Sweden
AKVA GROUP;NO0003097503;Oslo Bors;Compartment B;Norway
AKWEL;FR0000053027;Euronext Paris;Compartment B;France
ALAN ALLMAN ASSOCIATES;FR0000062465;Euronext Paris;Compartment B;France
ALERION;IT0004720733;Euronext Milan;Compartment A;Italy
ALFEN;NL0012817175;Euronext Amsterdam;Compartment B;Netherlands
ALFIO BARDOLLA;IT0005244030;Euronext Growth Milan;Euronext Growth;Italy
ALFONSINO;IT0005466039;Euronext Growth Milan;Euronext Growth;Italy
ALIA MENTIS;IT0005717241;Euronext Growth Milan;Euronext Growth;Italy
ALLCORE;IT0005461303;Euronext Growth Milan;Euronext Growth;Italy
Almunda Professional N.V.;NL0010696704;Euronext Amsterdam;Compartment C;Netherlands
ALNG ASA;NO0010607971;Oslo Bors;Compartment C;Norway
ALPES (COMPAGNIE);FR0000053324;Euronext Paris;Compartment B;France
ALTAMIR;FR0000053837;Euronext Paris;Compartment B;France
ALTAREIT;FR0000039216;Euronext Paris;Compartment B;France
ALTEA GREEN POWER;IT0005472730;Euronext Milan;Compartment C;Italy
ALTHEORA;FR0000061244;Euronext Growth Paris;Euronext Growth;France
ALTRI SGPS;PTALT0AE0002;Euronext Lisbon;Compartment B;Portugal
ALUMEXX N.V.;NL0012194724;Euronext Amsterdam;Compartment C;Netherlands
ALVEEN;FR0013253812;Euronext Access Paris;Euronext Access;France
AMATHEON AGRI HOLDING N.V.;NL0010273694;Euronext Access Paris;Euronext Access;Netherlands
AMBROMOBILIARE;IT0004779515;Euronext Growth Milan;Euronext Growth;Italy
AMG Critical Materials N.V.;NL0000888691;Euronext Amsterdam;Compartment B;Netherlands
AMOEBA;FR0011051598;Euronext Growth Paris;Euronext Growth;France
ANDFJORD SALMON GROUP AS;NO0010829765;Euronext Growth Oslo;Euronext Growth;Norway
ANDINO INVERSIONES GLOBAL, S.A.;ES0105744009;Euronext Access Paris;Euronext Access;Spain
ANIMA HOLDING;IT0004998065;Euronext Milan;Compartment A;Italy
ANTIN INFRA PARTN;FR0014005AL0;Euronext Paris;Compartment A;France
APERAM;LU0569974404;Euronext Amsterdam;Compartment A;Luxembourg
APPEAR ASA;NO0013683821;Oslo Bors;Compartment B;Norway
AQUA BIO TECHNOLOGY;NO0013735894;Oslo Bors;Compartment C;Norway
AQUAFIL;IT0005241192;Euronext Milan;Compartment C;Italy
AQUALIS ASA;NO0010715394;Oslo Bors;Compartment C;Norway
AQUILA;FR0010340711;Euronext Growth Paris;Euronext Growth;France
ARAMIS GROUP;FR0014003U94;Euronext Paris;Compartment B;France
ARCHOS;FR001400KO61;Euronext Growth Paris;Euronext Growth;France
ARCTIC BIOSCIENCE AS;NO0010859580;Euronext Growth Oslo;Euronext Growth;Norway
ARCTIC FISH HOLDING AS;NO0010917719;Euronext Growth Oslo;Euronext Growth;Norway
ARCTICZYMES TECHNOLOGIES;NO0010014632;Oslo Bors;Compartment B;Norway
ARCURE;FR0013398997;Euronext Growth Paris;Euronext Growth;France
ARDOIN ST AMAND A;FR0005057635;Euronext Access Paris;Euronext Access;France
ARENDALS FOSSEKOMPANI;NO0003572802;Oslo Bors;Compartment B;Norway
ARISTON HOLDING;NL0015000N33;Euronext Milan;Compartment B;Netherlands
ARRIBATEC GROUP ASA;NO0013682948;Oslo Bors;Compartment C;Norway
ARTEA;FR0012185536;Euronext Paris;Compartment C;France
ARTERRA BIOSCIENCE;IT0005386369;Euronext Growth Milan;Euronext Growth;Italy
ARTMARKET.COM(EX ARTPRICE.COM);FR0000074783;Euronext Paris;Compartment C;France
ARTOIS NOM.;FR0000076952;Euronext Paris;Compartment A;France
ARVERNE GROUP;FR001400JWR8;Euronext Paris;Compartment B;France
ASCOPIAVE;IT0004093263;Euronext Milan;Compartment B;Italy
ASHLER ET MANSON;FR0012968485;Euronext Access Paris;Euronext Access;France
ASSYSTEM;FR0000074148;Euronext Paris;Compartment B;France
ATARI S.A.;FR00140173Y6;Euronext Growth Paris;Euronext Growth;France
ATEA;NO0004822503;Oslo Bors;Compartment A;Norway
ATEME;FR0011992700;Euronext Paris;Compartment C;France
ATENOR;BE0003837540;Euronext Brussels;Compartment B;Belgium
ATLANTIC SAPPHIRE;NO0013464750;Oslo Bors;Compartment C;Norway
ATON;FR0004153930;Euronext Growth Paris;Euronext Growth;France
ATON GREEN STORAGE;IT0005449464;Euronext Growth Milan;Euronext Growth;Italy
ATOS GROUP;FR001400X2S4;Euronext Paris;Compartment B;France
AUBAY;FR0000063737;Euronext Paris;Compartment B;France
AUDACIA;FR00140059B5;Euronext Growth Paris;Euronext Growth;France
AUGROS COSMETICS;FR0000061780;Euronext Paris;Compartment C;France
AUREA;FR0000039232;Euronext Paris;Compartment C;France
AURSKOG SPAREBANK;NO0006001601;Oslo Bors;Compartment C;Norway
AUSTEVOLL SEAFOOD;NO0010073489;Oslo Bors;Compartment A;Norway
AUTOSTRADE MERID;IT0000084043;Euronext Milan;Compartment C;Italy
AVANTIUM;NL0015002IE0;Euronext Amsterdam;Compartment B;Netherlands
AVENIR TELECOM;FR001400CFI7;Euronext Paris;Compartment C;France
AVIO;IT0005119810;Euronext Milan;Compartment B;Italy
AXACTOR ASA;NO0010840515;Oslo Bors;Compartment C;Norway
AYFIE INTERNATIONAL AS;NO0012861683;Euronext Growth Oslo;Euronext Growth;Norway
AZ LEASING;IT0004812258;Euronext Access Paris;Euronext Access;Italy
AZERION;NL00150006Z9;Euronext Amsterdam;Compartment B;Netherlands
AZOREAN AQUATIC TECHNOLOGIES SA;PTAZR0AM0006;Euronext Access Paris;Euronext Access;Portugal
B&C SPEAKERS;IT0001268561;Euronext Milan;Compartment B;Italy
B.F.;IT0005187460;Euronext Milan;Compartment B;Italy
B2 Impact ASA;NO0010633951;Oslo Bors;Compartment B;Norway
BAIKOWSKI;FR0013384369;Euronext Growth Paris;Euronext Growth;France
BALTIC SEA PROPERTIES;NO0010810476;Euronext Growth Oslo;Euronext Growth;Norway
BANCA IFIS;IT0003188064;Euronext Milan;Compartment B;Italy
BANCA SISTEMA;IT0003173629;Euronext Milan;Compartment C;Italy
BANIMMO A;BE0003870871;Euronext Brussels;Compartment C;Belgium
BANQUP GROUP;BE0974371032;Euronext Brussels;Compartment C;Belgium
BARBARA BUI;FR0000062788;Euronext Paris;Compartment C;France
BARCO;BE0974362940;Euronext Brussels;Compartment A;Belgium
BASIC-FIT;NL0011872650;Euronext Amsterdam;Compartment A;Netherlands
BASICNET;IT0001033700;Euronext Milan;Compartment B;Italy
BASSAC;FR0004023208;Euronext Paris;Compartment B;France
BASTIDE LE CONFORT;FR0000035370;Euronext Paris;Compartment B;France
BASTOGI SPA;IT0004412497;Euronext Milan;Compartment C;Italy
BCA PROFILO;IT0001073045;Euronext Milan;Compartment C;Italy
BCO DESIO BRIANZA;IT0001041000;Euronext Milan;Compartment B;Italy
BEEWIZE;IT0001487047;Euronext Milan;Compartment C;Italy
BEKAERT;BE0974258874;Euronext Brussels;Compartment A;Belgium
BELLINI NAUTICA;IT0005497042;Euronext Growth Milan;Euronext Growth;Italy
BELYSSE GROUP NV;BE0974314461;Euronext Brussels;Compartment C;Belgium
BENETEAU;FR0000035164;Euronext Paris;Compartment B;France
Benfica SAD;PTSLB0AM0010;Euronext Lisbon;Compartment C;Portugal
BERGEN CARBON SOLUTIONS AS;NO0010950249;Euronext Growth Oslo;Euronext Growth;Norway
BERNARD LOISEAU;FR0000066961;Euronext Growth Paris;Euronext Growth;France
BESTBE HOLDING;IT0005611642;Euronext Milan;Compartment C;Italy
BEVER HOLDING Gewone aandelen;NL0000285278;Euronext Amsterdam;Compartment C;Netherlands
BEVEST ASA;NO0013711721;Oslo Bors;Compartment C;Norway
BEWI;NO0010890965;Oslo Bors;Compartment B;Norway
BFF BANK;IT0005244402;Euronext Milan;Compartment A;Italy
BIEN SPAREBANK ASA;NO0012706763;Oslo Bors;Compartment C;Norway
BIESSE;IT0003097257;Euronext Milan;Compartment B;Italy
BIGBEN INTERACTIVE;FR0000074072;Euronext Paris;Compartment C;France
BILENDI;FR0004174233;Euronext Growth Paris;Euronext Growth;France
BIOPHYTIS;FR001400OLP5;Euronext Growth Paris;Euronext Growth;France
BIOSENIC;BE0974280126;Euronext Brussels;Compartment C;Belgium
BIOSYNEX;FR0011005933;Euronext Growth Paris;Euronext Growth;France
BIOTALYS NV;BE0974386188;Euronext Brussels;Compartment C;Belgium
BIO-UV GROUP;FR0013345493;Euronext Growth Paris;Euronext Growth;France
BLACK SEA PROPERTY;NO0013685750;Euronext Growth Oslo;Euronext Growth;Norway
BLUE SHARK POWER;FR0013340973;Euronext Access Paris;Euronext Access;France
BLUELINEA;FR0011041011;Euronext Growth Paris;Euronext Growth;France
BLUENORD ASA;NO0010379266;Oslo Bors;Compartment A;Norway
BOA CONCEPT;FR0011365907;Euronext Growth Paris;Euronext Growth;France
BODY ONE;FR0010106039;Euronext Access Paris;Euronext Access;France
BOHUS ASA;NO0013753343 ;Oslo Bors;Compartment B;Norway
BOIRON;FR0000061129;Euronext Paris;Compartment B;France
BOLOGNAFIERE;IT0003516066;Euronext Growth Milan;Euronext Growth;Italy
BONDUELLE;FR0000063935;Euronext Paris;Compartment B;France
BONHEUR;NO0003110603;Oslo Bors;Compartment B;Norway
BONYF;BE6333353298;Euronext Access Paris;Euronext Access;Belgium
BOOSTHEAT;FR00140153G5 ;Euronext Growth Paris;Euronext Growth;France
BORGESTAD;NO0013256180;Oslo Bors;Compartment C;Norway
BORGOSESIA;IT0003217335;Euronext Milan;Compartment C;Italy
BORREGAARD;NO0010657505;Oslo Bors;Compartment A;Norway
BOURRELIER GROUP;FR0000054421;Euronext Growth Paris;Euronext Growth;France
BOURSE DIRECT;FR0000074254;Euronext Paris;Compartment B;France
BOUVET;NO0010360266;Oslo Bors;Compartment B;Norway
BPOST;BE0974268972;Euronext Brussels;Compartment B;Belgium
BQUE NAT. BELGIQUE;BE0003008019;Euronext Brussels;Compartment B;Belgium
BRAGA MORO;IT0005640286;Euronext Growth Milan;Euronext Growth;Italy
BRIOSCHI;IT0000066180;Euronext Milan;Compartment C;Italy
BROADPEAK;FR001400AJZ7;Euronext Growth Paris;Euronext Growth;France
BRUNEL INTERNAT;NL0010776944;Euronext Amsterdam;Compartment B;Netherlands
BURELLE;FR0000061137;Euronext Paris;Compartment B;France
BYGGMA;NO0003087603;Euronext Growth Oslo;Euronext Growth;Norway
CA TOULOUSE 31 CCI;FR0000045544;Euronext Paris;Compartment C;France
CABKA;NL00150000S7;Euronext Amsterdam;Compartment C;Netherlands
CADELER A/S;DK0061412772;Oslo Bors;Compartment A;Denmark
CAFOM;FR0010151589;Euronext Growth Paris;Euronext Growth;France
CAIRN HOMES PLC;IE00BWY4ZF18;Euronext Dublin;Compartment B;Ireland
CAIRO COMMUNICATION;IT0004329733;Euronext Milan;Compartment B;Italy
CALEFFI;IT0003025019;Euronext Milan;Compartment C;Italy
CALIBRE;FR0014004QR6;Euronext Growth Paris;Euronext Growth;France
CALTAGIRONE;IT0003127930;Euronext Milan;Compartment B;Italy
CALTAGIRONE EDIT;IT0001472171;Euronext Milan;Compartment C;Italy
CAMBI ASA;NO0010078850;Euronext Growth Oslo;Euronext Growth;Norway
CAMPINE;BE0003825420;Euronext Brussels;Compartment C;Belgium
CANDELA INVEST;BE0974298300;Euronext Growth Brussels;Euronext Growth;Belgium
CAPITAL B;FR0011053636;Euronext Growth Paris;Euronext Growth;France
CAPSOL TECHNOLOGIES ASA;NO0010923121;Oslo Bors;Compartment C;Norway
CARBIOS;FR0011648716;Euronext Growth Paris;Euronext Growth;France
CARVOLIX;FR0013333077;Euronext Paris;Compartment C;France
CASINO GUICHARD;FR001400OKR3;Euronext Paris;Compartment C;France
CASTA DIVA GROUP;IT0005003782;Euronext Growth Milan;Euronext Growth;Italy
CATANA GROUP;FR0010193052;Euronext Growth Paris;Euronext Growth;France
CATERING INTERNATIONAL & SERVICES S.A.;FR0000064446;Euronext Growth Paris;Euronext Growth;France
CAVENDISH HYDROGEN ASA;NO0013219535;Oslo Bors;Compartment C;Norway
CBO TERRITORIA;FR0010193979;Euronext Paris;Compartment C;France
CEGEDIM;FR0000053506;Euronext Growth Paris;Euronext Growth;France
CELLECTIS;FR0010425595;Euronext Growth Paris;Euronext Growth;France
CELLULARLINE;IT0005244618;Euronext Milan;Compartment C;Italy
CELYAD ONCOLOGY;BE0974260896;Euronext Brussels;Compartment C;Belgium
CEMBRE;IT0001128047;Euronext Milan;Compartment B;Italy
CEMENTIR HOLDING;NL0013995087;Euronext Milan;Compartment A;Netherlands
CENERGY;BE0974303357;Euronext Brussels;Compartment A;Belgium
CENTRALE DEL LATTE D'ITALIA;IT0003023980;Euronext Milan;Compartment C;Italy
CFE;BE0003883031;Euronext Brussels;Compartment B;Belgium
CH.FER DEPARTEMENTAUX;FR0000037871;Euronext Access Paris;Euronext Access;France
CHARWOOD ENERGY S.A.;FR001400AJ60;Euronext Growth Paris;Euronext Growth;France
CHAUSSERIA;FR0000060907;Euronext Paris;Compartment C;France
Cheops Technology;FR0010447086;Euronext Access Paris;Euronext Access;France
CHOICE NV;BE0974370026;Euronext Access Brussels;Euronext Access;Belgium
CIBOX INTER A CTIV;FR0000054322;Euronext Growth Paris;Euronext Growth;France
CIE BOIS SAUVAGE;BE0003592038;Euronext Brussels;Compartment B;Belgium
CIE DU MONT BLANC;FR0000060428;Euronext Access Paris;Euronext Access;France
CIR;IT0000070786;Euronext Milan;Compartment B;Italy
CIRCIO HOLDING ASA;NO0013033795;Oslo Bors;Compartment C;Norway
CIRCLE;IT0005344996;Euronext Growth Milan;Euronext Growth;Italy
CLABO;IT0005091324;Euronext Growth Milan;Euronext Growth;Italy
CLARANOVA;FR0013426004;Euronext Growth Paris;Euronext Growth;France
CLARIANE SE;FR0010386334;Euronext Paris;Compartment B;France
CLASS EDITORI;IT0005117848;Euronext Milan;Compartment C;Italy
CLEANBNB;IT0005377277;Euronext Growth Milan;Euronext Growth;Italy
CLOUDBERRY CLEAN ENERGY ASA;NO0010876642;Oslo Bors;Compartment B;Norway
CLOUDIA RESEARCH;IT0005577090;Euronext Growth Milan;Euronext Growth;Italy
CM.COM;NL0012747059;Euronext Amsterdam;Compartment B;Netherlands
CMG CLEANTECH;FR0013406881;Euronext Access Paris;Euronext Access;France
CO.BR.HA (D);BE0003519270;Euronext Growth Brussels;Euronext Growth;Belgium
CODELAB CAPITAL AS;NO0013483503;Euronext Growth Oslo;Euronext Growth;Norway
COFACE;FR0010667147;Euronext Paris;Compartment A;France
COFIDUR S.A.;FR0013257409;Euronext Growth Paris;Euronext Growth;France
COFLE;IT0005465619;Euronext Growth Milan;Euronext Growth;Italy
COGEFEED;IT0005618043;Euronext Growth Milan;Euronext Growth;Italy
COGRA;FR0011071570;Euronext Growth Paris;Euronext Growth;France
COHERIS;FR0004031763;Euronext Paris;Compartment C;France
COIL;BE0160342011;Euronext Growth Paris;Euronext Growth;Belgium
COLIPAYS;FR0010959684;Euronext Access Paris;Euronext Access;France
COM.TEL;IT0005632945;Euronext Growth Milan;Euronext Growth;Italy
COMER INDUSTRIES;IT0005246191;Euronext Milan;Compartment B;Italy
COMPAGNIA DEI CARAIBI;IT0005453235;Euronext Growth Milan;Euronext Growth;Italy
COMPAGNIE CHARGEURS INVEST;FR0000130692;Euronext Paris;Compartment B;France
CONDOR TECHNOLOGIES;BE6252013725;Euronext Access Paris;Euronext Access;Belgium
Conduril-Engenharia;PTCDU0AE0003;Euronext Access Lisbon;Euronext Access;Portugal
CONFINVEST ORO;IT0005379604;Euronext Growth Milan;Euronext Growth;Italy
CONSORT NT;FR0000077828;Euronext Access Paris;Euronext Access;France
CONSTRUCTEURS BOIS;FR00140007I9;Euronext Access Paris;Euronext Access;France
CONTEXTVISION;SE0014731154;Oslo Bors;Compartment C;Sweden
CONVERGENZE;IT0005426215;Euronext Growth Milan;Euronext Growth;Italy
COPERNICO;IT0005379406;Euronext Growth Milan;Euronext Growth;Italy
CORBION;NL0010583399;Euronext Amsterdam;Compartment A;Netherlands
COREP LIGHTING;FR0010035816;Euronext Access Paris;Euronext Access;France
Corticeira Amorim-SGPS;PTCOR0AE0006;Euronext Lisbon;Compartment A;Portugal
COURBET;FR0004998318;Euronext Access Paris;Euronext Access;France
COURTOIS;FR0000065393;Euronext Paris;Compartment C;France
CRCAM ALP.PROV.CCI;FR0000044323;Euronext Paris;Compartment C;France
CRCAM ATL.VEND.CCI;FR0000185506;Euronext Paris;Compartment C;France
CRCAM BRIE PIC2CCI;FR0010483768;Euronext Paris;Compartment B;France
CRCAM ILLE-VIL.CCI;FR0000045213;Euronext Paris;Compartment C;France
CRCAM LANGUED CCI;FR0010461053;Euronext Paris;Compartment C;France
CRCAM LOIRE HAUTE LOIRE CCI;FR0000045239;Euronext Paris;Compartment C;France
CRCAM MORBIHAN CCI;FR0000045551;Euronext Paris;Compartment C;France
CRCAM NORD CCI;FR0000185514;Euronext Paris;Compartment B;France
CRCAM NORM.SEINE;FR0000044364;Euronext Paris;Compartment C;France
CRCAM PARIS ET IDF;FR0000045528;Euronext Paris;Compartment B;France
CRCAM SUD R.A.CCI;FR0000045346;Euronext Paris;Compartment C;France
CRCAM TOURAINE CCI;FR0000045304;Euronext Paris;Compartment C;France
CREACTIVES GROUP;IT0005408593;Euronext Growth Milan;Euronext Growth;Italy
CROSSJECT;FR0011716265;Euronext Growth Paris;Euronext Growth;France
CROSSWOOD;FR0000050395;Euronext Paris;Compartment C;France
CROWDFUNDME;IT0005353575;Euronext Growth Milan;Euronext Growth;Italy
CRYPTO BLOCKCHAIN INDUSTRIES;FR0014007LW0;Euronext Growth Paris;Euronext Growth;France
CSP INT IND CALZE;IT0001127874;Euronext Milan;Compartment C;Italy
CTAC;NL0000345577;Euronext Amsterdam;Compartment C;Netherlands
CTT-CORREIOS DE PORTUGAL, SA;PTCTT0AM0001;Euronext Lisbon;Compartment B;Portugal
CUBE LABS;IT0005532483;Euronext Growth Milan;Euronext Growth;Italy
CUMULEX;BE0003463685;Euronext Brussels;Compartment C;Belgium
CY4GATE;IT0005412504;Euronext Milan;Compartment B;Italy
CYBEROO;IT0005546103;Euronext Growth Milan;Euronext Growth;Italy
CYVIZ AS;NO0010015175;Euronext Growth Oslo;Euronext Growth;Norway
D.L.S.I.;FR0010404368;Euronext Growth Paris;Euronext Growth;France
DAMARIS;FR0000077885;Euronext Access Paris;Euronext Access;France
DAMARTEX;FR0000185423;Euronext Growth Paris;Euronext Growth;France
D'AMICO;LU2592315662;Euronext Milan;Compartment B;Luxembourg
DANIELI & C;IT0000076502;Euronext Milan;Compartment A;Italy
DATALOGIC;IT0004053440;Euronext Milan;Compartment B;Italy
DATRIX;IT0005468357;Euronext Growth Milan;Euronext Growth;Italy
DBA GROUP;IT0005285942;Euronext Growth Milan;Euronext Growth;Italy
DBT;FR001400LO86;Euronext Growth Paris;Euronext Growth;France
DBV TECHNOLOGIES;FR0010417345;Euronext Paris;Compartment B;France
DECEUNINCK;BE0003789063;Euronext Brussels;Compartment B;Belgium
DEDEM;IT0005659724;Euronext Growth Milan;Euronext Growth;Italy
DEEP VALUE DRILLER AS;NO0010955917;Euronext Growth Oslo;Euronext Growth;Norway
DEEZER;FR001400AYG6;Euronext Paris;Compartment B;France
DEKUPLE;FR0000062978;Euronext Paris;Compartment C;France
DELFINGEN INDUSTRY;FR0000054132;Euronext Growth Paris;Euronext Growth;France
DELLIA GROUP;NO0013755728˙;Oslo Bors;Compartment C;Norway
DELTA PLUS GROUP;FR0013283108;Euronext Growth Paris;Euronext Growth;France
DEODATO.GALLERY;IT0005528937;Euronext Growth Milan;Euronext Growth;Italy
DERICHEBOURG;FR0000053381;Euronext Paris;Compartment B;France
DESERT CONTROL AS;NO0010963275;Euronext Growth Oslo;Euronext Growth;Norway
DESTINATION ITALIA;IT0005454027;Euronext Growth Milan;Euronext Growth;Italy
DEVERNOIS;FR0000060840;Euronext Growth Paris;Euronext Growth;France
DEXELANCE;IT0005543480;Euronext Milan;Compartment B;Italy
DHH;IT0005203622;Euronext Growth Milan;Euronext Growth;Italy
DIAGNOSTIC MEDICAL SYSTEMS;FR0012202497;Euronext Growth Paris;Euronext Growth;France
DIGITAL BROS;IT0001469995;Euronext Milan;Compartment B;Italy
DIGITOUCH;IT0005089476;Euronext Growth Milan;Euronext Growth;Italy
DIRECTA SIM;IT0001463063;Euronext Growth Milan;Euronext Growth;Italy
DISTRIBUZIONE ELETTRICA ADRIATICA;IT0005600249;Euronext Growth Milan;Euronext Growth;Italy
DNO;NO0003921009;Oslo Bors;Compartment B;Norway
DNXCORP;FR0010436584;Euronext Growth Paris;Euronext Growth;France
DOCK.PETR.AMBES AM;FR0000065260;Euronext Paris;Compartment C;France
DOF GROUP ASA;NO0012851874;Oslo Bors;Compartment B;Norway
DOLFINES;FR001400SP13;Euronext Growth Paris;Euronext Growth;France
DOLPHIN DRILLING AS;NO0013711739;Euronext Growth Oslo;Euronext Growth;Norway
DONEGAL INVESTMENT GROUP PLC;IE000Y2HN3O9;Euronext Growth Dublin;Euronext Growth;Ireland
DONTNOD Entertainment;FR0013331212;Euronext Growth Paris;Euronext Growth;France
DOTSTAY;IT0005523839;Euronext Growth Milan;Euronext Growth;Italy
DOVALUE;IT0005610958;Euronext Milan;Compartment B;Italy
DOXEE;IT0005394413;Euronext Growth Milan;Euronext Growth;Italy
DRONE VOLT;FR001400SVN0;Euronext Growth Paris;Euronext Growth;France
DYNAFOND;FR0000052920;Euronext Access Paris;Euronext Access;France
E.T.S. Engineering and Technical Services;IT0005669558;Euronext Growth Milan;Euronext Growth;Italy
EAGLE FOOTBALL GROUP;FR0010428771;Euronext Paris;Compartment B;France
EAM SOLAR AS;NO0013601245;Oslo Bors;Euronext Growth;Norway
EASE2PAY NV;NL0000345627;Euronext Amsterdam;Compartment C;Netherlands
EAUX DE ROYAN;FR0007200100;Euronext Access Paris;Euronext Access;France
EAVS;FR0010536185;Euronext Access Paris;Euronext Access;France
EBUSCO HOLDING N.V.;NL0015002AG2;Euronext Amsterdam;Compartment B;Netherlands
ECOMEMBRANE;IT0005543332;Euronext Growth Milan;Euronext Growth;Italy
ECOMIAM SA;FR0013534617;Euronext Growth Paris;Euronext Growth;France
ECONOCOM GROUP;BE0974313455;Euronext Brussels;Compartment B;Belgium
ECOSLOPS;FR0011490648;Euronext Growth Paris;Euronext Growth;France
ECOSUNTEK;IT0005654766;Euronext Growth Milan;Euronext Growth;Italy
EDGELAB;IT0005627762;Euronext Growth Milan;Euronext Growth;Italy
EDIL SAN FELICE;IT0005561441;Euronext Growth Milan;Euronext Growth;Italy
EDILIZIACROBATICA;IT0005351504;Euronext Growth Milan;Euronext Growth;Italy
EDUFORM'ACTION;FR0010882886;Euronext Growth Paris;Euronext Growth;France
EGIDE;FR0000072373;Euronext Growth Paris;Euronext Growth;France
E-GLOBE;IT0005557514;Euronext Growth Milan;Euronext Growth;Italy
EGOMNIA;IT0005586497;Euronext Growth Milan;Euronext Growth;Italy
EIDESVIK OFFSHORE;NO0010263023;Oslo Bors;Compartment C;Norway
EKINOPS;FR0011466069;Euronext Paris;Compartment C;France
EKOPAK NV;BE0974380124;Euronext Brussels;Compartment B;Belgium
EL.EN.;IT0005453250;Euronext Milan;Compartment B;Italy
ELEC.STRASBOURG;FR0000031023;Euronext Paris;Compartment B;France
ELECTRICITE ET EAUX DE MADAGASCAR;FR0000035719;Euronext Paris;Compartment C;France
ELECTROMAGNETIC GEOSERVICES;NO0010358484;Oslo Bors;Compartment C;Norway
ELEKTROIMPORTťREN AS;NO0010911902;Euronext Growth Oslo;Euronext Growth;Norway
ELICA;IT0003404214;Euronext Milan;Compartment C;Italy
ELIOR GROUP;FR0011950732;Euronext Paris;Compartment B;France
ELKEM;NO0010816093;Oslo Bors;Compartment A;Norway
ELLIPTIC LABORATORIES ASA;NO0010722283;Oslo Bors;Compartment B;Norway
ELMERA GROUP ASA;NO0010815673;Oslo Bors;Compartment B;Norway
ELOPAK ASA;NO0011002586;Oslo Bors;Compartment B;Norway
ELSA SOLUTIONS;IT0005561466;Euronext Growth Milan;Euronext Growth;Italy
EMAK;IT0001237053;Euronext Milan;Compartment B;Italy
EMBENTION SISTEMAS INTELIGENTES SA;ES0105639001;Euronext Growth Paris;Euronext Growth;Spain
EMEIS;FR001400NLM4;Euronext Paris;Compartment A;France
EMMA VILLAS;IT0005562183;Euronext Growth Milan;Euronext Growth;Italy
EMOVA GROUP;FR0013356755;Euronext Growth Paris;Euronext Growth;France
ENA (ex-S.I.F. ITALIA);IT0005468290;Euronext Growth Milan;Euronext Growth;Italy
ENAV;IT0005176406;Euronext Milan;Compartment A;Italy
ENCRES DUBUIT;FR0004030708;Euronext Growth Paris;Euronext Growth;France
ENDéR;NO0012555459;Oslo Bors;Compartment C;Norway
ENENSYS;FR0013330792;Euronext Growth Paris;Euronext Growth;France
ENERGEIA AS;NO0013698431;Euronext Growth Oslo;Euronext Growth;Norway
ENERGISME;FR0013399359;Euronext Growth Paris;Euronext Growth;France
ENERGY;IT0005500712;Euronext Growth Milan;Euronext Growth;Italy
ENERGY SOLAR TECH;ES0105687000;Euronext Growth Paris;Euronext Growth;Spain
ENERGY TIME;IT0005660219;Euronext Growth Milan;Euronext Growth;Italy
ENERGYVISION ;BE0974499312;Euronext Paris;Compartment B;Belgium
ENERVIT;IT0004356751;Euronext Milan;Compartment C;Italy
ENOGIA;FR0014004974;Euronext Growth Paris;Euronext Growth;France
E-NOVIA;IT0005391229;Euronext Growth Milan;Euronext Growth;Italy
ENSURGE MICROPOWER ASA;NO0013186460;Oslo Bors;Compartment C;Norway
ENTECH;FR0014004362;Euronext Growth Paris;Euronext Growth;France
ENTRA;NO0010716418;Oslo Bors;Compartment A;Norway
ENVIPCO;NL0015000GX8;Euronext Amsterdam;Compartment C;Netherlands
EO2;FR0010465534;Euronext Growth Paris;Euronext Growth;France
E-PANGO;FR0014004339;Euronext Growth Paris;Euronext Growth;France
EPH INVEST;IT0005623845;Euronext Milan;Compartment C;Italy
EPRCOMUNICAZIONE;IT0005519837;Euronext Growth Milan;Euronext Growth;Italy
EQUASENS;FR0012882389;Euronext Paris;Compartment B;France
EQUITA GROUP;IT0005312027;Euronext Milan;Compartment B;Italy
EQVA ASA;NO0010708605;Oslo Bors;Compartment C;Norway
ER CAPITAL N.V.;NL0010389508;Euronext Amsterdam;Compartment C;Netherlands
ERAMET;FR0000131757;Euronext Paris;Compartment A;France
ERREDUE;IT0005521247;Euronext Growth Milan;Euronext Growth;Italy
ESAUTOMOTION;IT0005337107;Euronext Growth Milan;Euronext Growth;Italy
ESI;IT0005421885;Euronext Growth Milan;Euronext Growth;Italy
ESPE;IT0005573818;Euronext Growth Milan;Euronext Growth;Italy
ESPRINET;IT0003850929;Euronext Milan;Compartment B;Italy
Estoril-Sol SGPS-Nominativas;PTESO0AM0000;Euronext Lisbon;Compartment C;Portugal
ESTRIMA;IT0005468191;Euronext Growth Milan;Euronext Growth;Italy
ETHERO;FR0010424697;Euronext Growth Paris;Euronext Growth;France
ETI;IT0005720005;Euronext Growth Milan;Euronext Growth;Italy
EUKEDOS;IT0004818297;Euronext Milan;Compartment C;Italy
EURASIA GROUPE;FR0010844001;Euronext Growth Paris;Euronext Growth;France
EUROAPI SA;FR0014008VX5;Euronext Paris;Compartment B;France
EUROBIO-SCIENTIFIC;FR0013240934;Euronext Growth Paris;Euronext Growth;France
EUROFINS CEREP;FR0013256518;Euronext Growth Paris;Euronext Growth;France
EUROGROUP LAMINATIONS;IT0005527616;Euronext Milan;Compartment B;Italy
EUROLAND CORPORATE;FR0010157115;Euronext Growth Paris;Euronext Growth;France
EUROPACORP;FR0010490920;Euronext Growth Paris;Euronext Growth;France
European Medical Solutions;BE0974497290;Euronext Growth Brussels;Euronext Growth;Belgium
EUROPLASMA;FR0014011QJ8;Euronext Growth Paris;Euronext Growth;France
EUROPRIS;NO0010735343;Oslo Bors;Compartment A;Norway
EUROTECH;IT0003895668;Euronext Milan;Compartment C;Italy
EUTELSAT COMMUNIC.;FR0010221234;Euronext Paris;Compartment A;France
EVISO;IT0005430936;Euronext Growth Milan;Euronext Growth;Italy
EVS BROADC.EQUIPM.;BE0003820371;Euronext Brussels;Compartment B;Belgium
EXACOMPTA CLAIREFONTAINE;FR0000064164;Euronext Growth Paris;Euronext Growth;France
EXACT THERAPEUTICS;NO0010852213;Euronext Growth Oslo;Euronext Growth;Norway
EXAIL TECHNOLOGIES;FR0000062671;Euronext Paris;Compartment B;France
EXECUS;IT0005557530;Euronext Growth Milan;Euronext Growth;Italy
EXEL INDUSTRIES;FR0004527638;Euronext Paris;Compartment B;France
EXMAR ord.;BE0003808251;Euronext Brussels;Compartment B;Belgium
EXOSENS;FR001400Q9V2;Euronext Paris;Compartment A;France
EXPERT.AI;IT0004496029;Euronext Growth Milan;Euronext Growth;Italy
EXPLOSIFS PROD.CHI;FR0014003AQ4;Euronext Paris;Compartment B;France
EXXITA BE CIRCULAR;ES0106046008;Euronext Access Paris;Euronext Access;Spain
FACEPHI;ES0105029005;Euronext Growth Paris;Euronext Growth;Spain
FAE TECHNOLOGY;IT0005500688;Euronext Growth Milan;Euronext Growth;Italy
FAGRON;BE0003874915;Euronext Brussels;Compartment A;Belgium
FARMACOSMO;IT0005487670;Euronext Growth Milan;Euronext Growth;Italy
FARMINVESTE;PTFNV1AM0002;Euronext Access Lisbon;Euronext Access;Portugal
FBD HOLDINGS PLC;IE0003290289;Euronext Dublin;Compartment B;Ireland
FD;FR0012300424;Euronext Access Paris;Euronext Access;France
FERM.CASINO MUNICIPAL CANNES;FR0000062101;Euronext Paris;Compartment B;France
FERMENTALG;FR0011271600;Euronext Growth Paris;Euronext Growth;France
FERRETTI;IT0005383291;Euronext Milan;Compartment B;Italy
FIDIA;IT0005654683;Euronext Milan;Compartment C;Italy
FIDUCIAL OFF.SOL.;FR0000061418;Euronext Paris;Compartment C;France
FIDUCIAL REAL EST.;FR0000060535;Euronext Paris;Compartment B;France
FIERA MILANO;IT0003365613;Euronext Milan;Compartment B;Italy
FIGEAC AERO;FR0011665280;Euronext Paris;Compartment B;France
FILA;IT0004967292;Euronext Milan;Compartment B;Italy
FILL UP MEDIA S.A.;FR001400AEM6;Euronext Growth Paris;Euronext Growth;France
FINANCIERE MARJOS;FR0000060824;Euronext Paris;Compartment C;France
FINANZA.TECH;IT0005475162;Euronext Growth Milan;Euronext Growth;Italy
FINAXO ENVIRONNEMENT;FR0010487272;Euronext Access Paris;Euronext Access;France
FINCANTIERI;IT0005599938;Euronext Milan;Compartment B;Italy
FINE FOODS & PHARMACEUTICALS NTM;IT0005215329;Euronext Milan;Compartment B;Italy
FIRST CAPITAL;IT0005252736;Euronext Growth Milan;Euronext Growth;Italy
FJORD DEFENCE GROUP ASA;NO0013647693;Oslo Bors;Compartment C;Norway
FLEKKEFJORD SPAREB;NO0013209858;Euronext Growth Oslo;Euronext Growth;Norway
FLEURY MICHON;FR0000074759;Euronext Growth Paris;Euronext Growth;France
FLEXDEAL;PTFXD0AM0018;Euronext Lisbon;Compartment C;Portugal
FLORENTAISE S.A.;FR001400GO75;Euronext Growth Paris;Euronext Growth;France
FLORIDIENNE;BE0974502347;Euronext Brussels;Compartment B;Belgium
FLOWSPARKS;BE0003847648;Euronext Access Brussels;Euronext Access;Belgium
FLUXYS BELGIUM;BE0974265945;Euronext Brussels;Compartment B;Belgium
FNAC DARTY;FR0011476928;Euronext Paris;Compartment B;France
FNM;IT0000060886;Euronext Milan;Compartment B;Italy
FNP TECHNOLOGIES SA;FR0013230067;Euronext Access Paris;Euronext Access;France
FONCIERE 7 INVEST;FR0000065930;Euronext Paris;Compartment C;France
FONCIERE VINDI;FR0011605617;Euronext Access Paris;Euronext Access;France
FONCIERE VOLTA;FR0000053944;Euronext Paris;Compartment C;France
FOPE;IT0005203424;Euronext Growth Milan;Euronext Growth;Italy
FORFARMERS;NL0011832811;Euronext Amsterdam;Compartment B;Netherlands
FORSEE POWER;FR0014005SB3;Euronext Growth Paris ;Euronext Growth;France
FORVIA;FR0000121147;Euronext Paris;Compartment A;France
FOUNTAIN;BE0003752665;Euronext Brussels;Compartment C;Belgium
FOUNTAINE PAJOT;FR0010485268;Euronext Growth Paris;Euronext Growth;France
FRANCAISE ENERGIE;FR0013030152;Euronext Paris;Compartment B;France
FRANCE TOURISME IMMOBILIER;FR0010823724;Euronext Access Paris;Euronext Access;France
FRANCHETTI;IT0005508574;Euronext Growth Milan;Euronext Growth;Italy
FRANCHI UMBERTO MARMI;IT0005335754;Euronext Growth Milan;Euronext Growth;Italy
FREELANCE.COM;FR0004187367;Euronext Growth Paris;Euronext Growth;France
FRENDY ENERGY;IT0004819857;Euronext Growth Milan;Euronext Growth;Italy
FSDV;FR0000031973;Euronext Paris;Compartment C;France
FUGRO;NL00150003E1;Euronext Amsterdam;Compartment A;Netherlands
FUT.CLUBE PORTO;PTFCP0AM0008;Euronext Lisbon;Compartment C;Portugal
G.A.I.;FR0000053415;Euronext Access Paris;Euronext Access;France
G.M. LEATHER;IT0005498610;Euronext Growth Milan;Euronext Growth;Italy
GABETTI;IT0005023038;Euronext Milan;Compartment C;Italy
gAIn360;IT0005672461;Euronext Growth Milan;Euronext Growth;Italy
GALEO;FR0011100759;Euronext Access Paris;Euronext Access;France
GAMBERO ROSSO;IT0005122392;Euronext Growth Milan;Euronext Growth;Italy
GAROFALO HEALTH CARE;IT0005345233;Euronext Milan;Compartment B;Italy
GAS PLUS;IT0004098510;Euronext Milan;Compartment C;Italy
GASCOGNE;FR0000124414;Euronext Growth Paris;Euronext Growth;France
GAUMONT;FR0000034894;Euronext Paris;Compartment B;France
GEA GRENOBL.ELECT.;FR0000053035;Euronext Paris;Compartment C;France
GECI INTL;FR001400M1R1;Euronext Growth Paris;Euronext Growth;France
GEFRAN;IT0003203947;Euronext Milan;Compartment C;Italy
GEL;IT0005312365;Euronext Growth Milan;Euronext Growth;Italy
GENERALFINANCE;IT0005144784;Euronext Milan;Compartment C;Italy
GENFIT;FR0004163111;Euronext Paris;Compartment B;France
GENOWAY;FR0004053510;Euronext Growth Paris;Euronext Growth;France
GENS AUREA;IT0005713232;Euronext Milan;Compartment A;Italy
GENSIGHT BIOLOGICS;FR0013183985;Euronext Paris;Compartment C;France
GENTIAN DIAGNOSTICS ASA;NO0010748866;Oslo Bors;Compartment C;Norway
GENTILI MOSCONI;IT0005531261;Euronext Growth Milan;Euronext Growth;Italy
GENTLEMEN'S EQUITY SA;PTGVE1AM0017;Euronext Access Paris;Euronext Access;Portugal
GEOX;IT0003697080;Euronext Milan;Compartment B;Italy
GEVELOT;FR0000033888;Euronext Growth Paris;Euronext Growth;France
GIGANTE SALMON AS;NO0011013765;Euronext Growth Oslo;Euronext Growth;Norway
GIGLIO.COM;IT0005453003;Euronext Growth Milan;Euronext Growth;Italy
GIMV;BE0003699130;Euronext Brussels;Compartment A;Belgium
GIOCAMONDO STUDY;IT0005652489;Euronext Growth Milan;Euronext Growth;Italy
GISMONDI 1754;IT0005391138;Euronext Growth Milan;Euronext Growth;Italy
GL EVENTS;FR0000066672;Euronext Paris;Compartment B;France
GLASS TO POWER S.P.A.;IT0005613739;Euronext Access Paris;Euronext Access;Italy
GLENVEAGH PROPERTIES PLC;IE00BD6JX574;Euronext Dublin;Compartment B;Ireland
GLINT;PTPAD0AM0007;Euronext Lisbon;Compartment C;Portugal
GOLD BY GOLD;FR0011208693;Euronext Growth Paris;Euronext Growth;France
GOLD ROAD INTERNATIONAL P.L.C;MT0003060101;Euronext Growth Oslo;Euronext Growth;Malta
GOLDEN ENERGY OFFSHORE SERVICES ASA;NO0013228585;Euronext Growth Oslo;Euronext Growth;Norway
GOODTECH;NO0004913609;Oslo Bors;Compartment C;Norway
GPE GROUP PIZZORNO;FR0010214064;Euronext Paris;Compartment B;France
GPI;IT0005221517;Euronext Milan;Compartment B;Italy
GRAINES VOLTZ;FR0000065971;Euronext Paris;Compartment C;France
GREAT WESTERN MINING CORPORATION PLC;IE000T78CHJ8;Euronext Growth Dublin;Euronext Growth;Ireland
GREEN EARTH GROUP N.V.;NL0009169515;Euronext Amsterdam;Compartment C;Netherlands
GREEN MINERALS AS;NO0010907744;Euronext Growth Oslo;Euronext Growth;Norway
GREEN OLEO;IT0005549768;Euronext Growth Milan;Euronext Growth;Italy
GREENCOAT RENEWABLES PLC;IE00BF2NR112;Euronext Growth Dublin;Euronext Growth;Ireland
GRIEG SEAFOOD;NO0010365521;Oslo Bors;Compartment B;Norway
GRIFAL;IT0005332595;Euronext Growth Milan;Euronext Growth;Italy
GROLLEAU;FR0014005ZM5;Euronext Growth Paris;Euronext Growth;France
GRONG SPAREBANK;NO0010636491;Euronext Growth Oslo;Euronext Growth;Norway
GROUPE AIRWELL;FR0014003V77;Euronext Growth Paris;Euronext Growth;France
GROUPE CARNIVOR;FR0000076960;Euronext Access Paris;Euronext Access;France
GROUPE CRIT;FR0000036675;Euronext Paris;Compartment B;France
GROUPE GUILLIN;FR0012819381;Euronext Growth Paris;Euronext Growth;France
GROUPE JAJ;FR0004010338;Euronext Paris;Compartment C;France
GROUPE LDLC;FR0000075442;Euronext Growth Paris;Euronext Growth;France
GROUPE OKWIND;FR0013439627;Euronext Growth Paris;Euronext Growth;France
GROUPE PARTOUCHE;FR0012612646;Euronext Paris;Compartment B;France
GROUPE SFPI;FR0004155000;Euronext Paris;Compartment B;France
GROUPE TERA;FR0013429404;Euronext Growth Paris;Euronext Growth;France
GROUPIMO;FR0014000RP6;Euronext Growth Paris;Euronext Growth;France
GROWENS;IT0005040354;Euronext Growth Milan;Euronext Growth;Italy
GT TALENT GROUP;IT0005607699;Euronext Growth Milan;Euronext Growth;Italy
GUERBET;FR0000032526;Euronext Paris;Compartment B;France
GUILLEMOT;FR0000066722;Euronext Paris;Compartment C;France
GVS;IT0005411209;Euronext Milan;Compartment B;Italy
GYLDENDAL;NO0004288200;Oslo Bors;Compartment C;Norway
HAFFNER ENERGY;FR0014007ND6;Euronext Growth Paris;Euronext Growth;France
HAIKI+;IT0005628778;Euronext Growth Milan;Euronext Growth;Italy
HAUGESUND SPB;NO0010764053;Oslo Bors;Compartment C;Norway
HAULOTTE GROUP;FR0000066755;Euronext Paris;Compartment C;France
HAV GROUP ASA;NO0010931918;Euronext Growth Oslo;Euronext Growth;Norway
HAVAS;NL0015002K83;Euronext Amsterdam;Compartment A;France
HAVILA KYSTRUTEN AS;NO0013696799;Euronext Growth Oslo;Euronext Growth;Norway
HAVILA SHIPPING;NO0010257728;Oslo Bors;Compartment C;Norway
HAWICK DATA NV;NL0010556726;Euronext Amsterdam;Compartment C;Netherlands
HEALTH ITALIA;IT0005585861;Euronext Growth Milan;Euronext Growth;Italy
HELYX INDUSTRIES (ex Ulisse Biomed S.p.A.);IT0005451213;Euronext Growth Milan;Euronext Growth;Italy
HERIGE;FR0000066540;Euronext Growth Paris;Euronext Growth;France
HERMANA HOLDING ASA;NO0013401380;Oslo Bors;Compartment C;Norway
HEXAGON COMPOSITES;NO0003067902;Oslo Bors;Compartment B;Norway
HEXAGON PURUS ASA;NO0013751966˙;Oslo Bors;Compartment B;Norway
HEXAOM;FR0004159473;Euronext Growth Paris;Euronext Growth;France
HF COMPANY;FR0000038531;Euronext Growth Paris;Euronext Growth;France
H-FARM;IT0004674666;Euronext Growth Milan;Euronext Growth;Italy
HIGH CO;FR0000054231;Euronext Paris;Compartment C;France
HIGH QUALITY FOOD;IT0005450694;Euronext Growth Milan;Euronext Growth;Italy
HIPAY GROUP;FR0012821916;Euronext Growth Paris;Euronext Growth;France
HITECHPROS;FR0010396309;Euronext Growth Paris;Euronext Growth;France
HK;DE000A11Q133;Euronext Access Paris;Euronext Access;Germany
HOCHE BAINS L.BAIN;FR0000051302;Euronext Access Paris;Euronext Access;France
HOEGH AUTOLINERS ASA;NO0011082075;Oslo Bors;Compartment A;Norway
HOFFMANN;FR0013451044;Euronext Growth Paris;Euronext Growth;France
HOFSETH BIOCARE;NO0010598683;Oslo Bors;Compartment C;Norway
HťLAND OG SETSKOG;NO0010012636;Oslo Bors;Compartment C;Norway
Holland Colours;NL0000440311;Euronext Amsterdam;Compartment C;Netherlands
HOME CONCEPT;FR0012336691;Euronext Access Paris;Euronext Access;France
HOPENING;FR0010312181;Euronext Access Paris;Euronext Access;France
HOPIUM;FR0014010QE1;Euronext Growth Paris;Euronext Growth;France
HOPSCOTCH GROUPE;FR0000065278;Euronext Growth Paris;Euronext Growth;France
HOTELES BESTPRICE;ES0105664009;Euronext Access Paris;Euronext Access;Spain
HOTELIM;FR0000053738;Euronext Access Paris;Euronext Access;France
HOTELS DE PARIS;FR0004165801;Euronext Paris;Compartment C;France
HOTL.IMMOB.NICE;FR0006563904;Euronext Access Paris;Euronext Access;France
HUDDLESTOCK FINTECH;NO0010859648;Euronext Growth Oslo;Euronext Growth;Norway
HUDDLY AS;NO0013470534;Euronext Growth Oslo;Euronext Growth;Norway
HUNTER GROUP;NO0012953720;Oslo Bors;Compartment C;Norway
HUNYVERS;FR0014007LQ2;Euronext Growth Paris;Euronext Growth;France
HYDRATEC Gewone aandelen;NL0009391242;Euronext Amsterdam;Compartment C;Netherlands
HYDRAULIQUE HOLDING;FR0000064735;Euronext Access Paris;Euronext Access;France
HYDRO-EXPLOIT.;FR0005843125;Euronext Access Paris;Euronext Access;France
HYDROGENE DE FRANCE;FR0014003VY4;Euronext Paris;Compartment B;France
HYDROGENPRO ASA;NO0010892359;Oslo Bors;Compartment C;Norway
HYDROGEN-REFUELING-SOLUTIONS;FR0014001PM5;Euronext Growth Paris;Euronext Growth;France
HYLORIS;BE0974363955;Euronext Brussels;Compartment B;Belgium
HYNION AS;NO0010920945;Euronext Growth Oslo;Euronext Growth;Norway
I GRANDI VIAGGI;IT0005108219;Euronext Milan;Compartment C;Italy
I.CO.P.;IT0001214433;Euronext Growth Milan;Euronext Growth;Italy
I.M.D. INTERNATIONAL MEDICAL DEVICES;IT0005549255;Euronext Growth Milan;Euronext Growth;Italy
I2S;FR0005854700;Euronext Growth Paris;Euronext Growth;France
Ibersol-SGPS;PTIBS0AM0008;Euronext Lisbon;Compartment B;Portugal
ICAPE HOLDING;FR001400A3Q3;Euronext Growth Paris;Euronext Growth;France
ICELANDIC SALMON;NO0010724701;Euronext Growth Oslo;Euronext Growth;Norway
ID LOGISTICS GROUP;FR0010929125;Euronext Paris;Compartment A;France
IDEX BIOMETRICS;NO0013536078;Oslo Bors;Compartment C;Norway
IDI;FR0000051393;Euronext Paris;Compartment B;France
IDS;FR0000079691;Euronext Access Paris;Euronext Access;France
IEP INVEST;BE0003748622;Euronext Brussels;Compartment C;Belgium
IEVA GROUP S.A.; FR0014015ND9;Euronext Growth Paris;Euronext Growth;France
IKONISYS;FR00140048X2;Euronext Growth Paris;Euronext Growth;France
ILLA;IT0005578395;Euronext Growth Milan;Euronext Growth;Italy
ILPRA;IT0005359101;Euronext Growth Milan;Euronext Growth;Italy
IMALLIANCE;FR0010086371;Euronext Access Paris;Euronext Access;France
IMEON ENERGY;FR001400QW73;Euronext Access Paris;Euronext Access;France
IMM.PARIS.PERLE;FR0006859039;Euronext Access Paris;Euronext Access;France
IMMERSION;FR0013060100;Euronext Growth Paris;Euronext Growth;France
IMMOBEL;BE0003599108;Euronext Brussels;Compartment B;Belgium
IMMSI;IT0001413837;Euronext Milan;Compartment B;Italy
IMPIANTI;IT0005518953;Euronext Growth Milan;Euronext Growth;Italy
IMPLANET;FR0013470168;Euronext Growth Paris;Euronext Growth;France
Impresa, SGPS - Nom.;PTIPR0AM0000;Euronext Lisbon;Compartment C;Portugal
IMPRIMERIE CHIRAT;FR0000065773;Euronext Access Paris;Euronext Access;France
IMPULSE FITNESS SOLUTIONS S.A.;ES0105590006;Euronext Access Paris;Euronext Access;Spain
INCLUSIO SA/NV;BE0974374069;Euronext Brussels;Compartment C;Belgium
INDEL B;IT0005245508;Euronext Milan;Compartment C;Italy
INDUCT;NO0010536048;Euronext Growth Oslo;Euronext Growth;Norway
INDUSTRIE CHIMICHE FORESTALI;IT0005416281;Euronext Growth Milan;Euronext Growth;Italy
INDUSTRIE DE NORA;IT0005186371;Euronext Milan;Compartment B;Italy
INFOCLIP;FR0011158823;Euronext Access Paris;Euronext Access;France
INFOTEL;FR0000071797;Euronext Paris;Compartment B;France
INIFY LABORATORIES AB;SE0017486103;Euronext Growth Oslo;Euronext Growth;Sweden
ININ GROUP AS;NO0010864036;Euronext Growth Oslo;Euronext Growth;Norway
INIZIATIVE BRESCIANE;IT0005037905;Euronext Growth Milan;Euronext Growth;Italy
INMOLECULE NANOTECH;ES0105908000;Euronext Access Paris;Euronext Access;Spain
INNATE PHARMA;FR0010331421;Euronext Paris;Compartment B;France
INNELEC MULTIMEDIA;FR0000064297;Euronext Growth Paris;Euronext Growth;France
INNOVATEC;IT0005412298;Euronext Growth Milan;Euronext Growth;Italy
INNOVATIVE RFK SPA;IT0005391161;Euronext Access Paris;Euronext Access;Italy
INSTABANK;NO0010762792;Euronext Growth Oslo;Euronext Growth;Norway
INSTALLUX;FR0000060451;Euronext Growth Paris;Euronext Growth;France
INTEGRAGEN;FR0010908723;Euronext Growth Paris;Euronext Growth;France
INTEGRATED WIND SOLUTIONS ASA;NO0013461350;Euronext Growth Oslo;Euronext Growth;Norway
INTEGRITAS VIAGER S.A.;FR0014003FN0;Euronext Access Paris;Euronext Access;France
INTERCOS;IT0005455875;Euronext Milan;Compartment A;Italy
INTERNATIONAL CARE COMPANY;IT0005469371;Euronext Growth Milan;Euronext Growth;Italy
INTEROIL EXPLORATION AND PRODUCTION;NO0013119255;Oslo Bors;Compartment C;Norway
INTEXA;FR0000064958;Euronext Paris;Compartment C;France
INTRASENSE;FR0011179886;Euronext Growth Paris;Euronext Growth;France
INTRED;IT0005337818;Euronext Growth Milan;Euronext Growth;Italy
INVENTIVA;FR0013233012;Euronext Paris;Compartment B;France
INVIBES ADVERTISING N.V.;BE0974299316;Euronext Growth Paris;Euronext Growth;Belgium
ION BEAM APPLICATIONS;BE0003766806;Euronext Brussels;Compartment B;Belgium
IPSOS;FR0000073298;Euronext Paris;Compartment A;France
IRCE;IT0001077780;Euronext Milan;Compartment C;Italy
IRISH CONTINENTAL GROUP PLC;IE00BLP58571;Euronext Dublin;Compartment B;Ireland
ISCC FINTECH;IT0005474108;Euronext Growth Milan;Euronext Growth;Italy
ISPD NETWORK;ES0109429037;Euronext Growth Paris;Euronext Growth;Spain
IT LINK;FR0000072597;Euronext Growth Paris;Euronext Growth;France
IT WAY;IT0003057624;Euronext Milan;Compartment C;Italy
ITALIAN EXHIBITION GROUP;IT0003411417;Euronext Milan;Compartment C;Italy
ITALIAN WINE BRANDS;IT0005075764;Euronext Growth Milan;Euronext Growth;Italy
ITALMOBILIARE;IT0005253205;Euronext Milan;Compartment A;Italy
ITALY INNOVAZIONI;IT0005336521;Euronext Access Paris;Euronext Access;Italy
ITERA;NO0010001118;Oslo Bors;Compartment C;Norway
IVECO GROUP;NL0015000LU4;Euronext Milan;Compartment A;Netherlands
IVISION TECH;IT0005554784;Euronext Growth Milan;Euronext Growth;Italy
JACKTEL AS;NO0012477704;Euronext Growth Oslo;Euronext Growth;Norway
JACQUES BOGART;FR0012872141;Euronext Paris;Compartment C;France
JACQUET METALS;FR0000033904;Euronext Paris;Compartment B;France
J’REN SPAREBANK;NO0010359433;Oslo Bors;Compartment C;Norway
JENSEN-GROUP;BE0003858751;Euronext Brussels;Compartment B;Belgium
JUVENTUS FC;IT0005572778;Euronext Milan;Compartment B;Italy
KALDVIK AS;NO0010884794;Euronext Growth Oslo;Euronext Growth;Norway
KALEON;IT0005678104;Euronext Growth Paris, Milan;Euronext Growth;Italy
KALRAY;FR0010722819;Euronext Growth Paris;Euronext Growth;France
KAUFMAN ET BROAD;FR0004007813;Euronext Paris;Compartment B;France
KENDRION N.V.;NL0000852531;Euronext Amsterdam;Compartment B;Netherlands
KENMARE RESOURCES PLC;IE00BDC5DG00;Euronext Dublin;Compartment B;Ireland
KERLINK;FR0013156007;Euronext Growth Paris;Euronext Growth;France
KEYRUS;FR0004029411;Euronext Growth Paris;Euronext Growth;France
KID;NO0010743545;Oslo Bors;Compartment B;Norway
KINEPOLIS GROUP;BE0974274061;Euronext Brussels;Compartment A;Belgium
KITRON;NO0003079709;Oslo Bors;Compartment B;Norway
KKO INTERNATIONAL;FR0013374667;Euronext Growth Paris;Euronext Growth;France
KLARSEN;FR0011038348;Euronext Growth Paris;Euronext Growth;France
KLAVENESS COMBINATION CARRIERS;NO0010833262;Oslo Bors;Compartment B;Norway
KLEA HOLDING;FR0013481835;Euronext Growth Paris;Euronext Growth;France
KME GROUP;IT0004552359;Euronext Milan;Compartment B;Italy
KOMPLETT ASA;NO0011016040;Oslo Bors;Compartment C;Norway
KONGSBERG AUTOMOTIVE;NO0003033102;Oslo Bors;Compartment B;Norway
Koninklijke BAM Groep N.V.;NL0000337319;Euronext Amsterdam;Compartment B;Netherlands
KONINKLIJKE PORCELEYNE FLES;NL0000378669;Euronext Amsterdam;Compartment C;Netherlands
KRAFT BANK ASA;NO0010815103;Euronext Growth Oslo;Euronext Growth;Norway
KRUSO KAPITAL;IT0005707341 ;Euronext Milan;Compartment C;Italy
KUMULUS VAPE;FR0013419876;Euronext Growth Paris;Euronext Growth;France
L.D.C.;FR001400SF56;Euronext Paris;Compartment A;France
LABORATOIRES EUROMEDIS;FR0000075343;Euronext Growth Paris;Euronext Growth;France
LABORATORIO FARMACEUTICO ERFO;IT0005497885;Euronext Growth Milan;Euronext Growth;Italy
LACROIX GROUP;FR0000066607;Euronext Paris;Compartment C;France
L'AGENCE AUTOMOBILIERE S.A.;FR0014005WE9;Euronext Access Paris;Euronext Access;France
LAKEFRONT BIOTHERAPEUTICS;BE0003818359;Euronext Amsterdam;Compartment A;Belgium
LANDI RENZO;IT0005619843;Euronext Milan;Compartment C;Italy
LANSON-BCC;FR0004027068;Euronext Growth Paris;Euronext Growth;France
LARGO;FR0013308582;Euronext Growth Paris;Euronext Growth;France
LATECOERE;FR001400JY13;Euronext Paris;Compartment B;France
LAURENT-PERRIER;FR0006864484;Euronext Paris;Compartment B;France
LAVIDE HOLDING;NL0010545679;Euronext Amsterdam;Compartment C;Netherlands
LE SLIP Fran‡ais;FR0014018Y10;Euronext Growth Paris;Euronext Growth;France
LEBON;FR0000121295;Euronext Growth Paris;Euronext Growth;France
LECTRA;FR0000065484;Euronext Paris;Compartment A;France
LEMON SISTEMI;IT0005573438;Euronext Growth Milan;Euronext Growth;Italy
LEONE FILM GROUP;IT0004973696;Euronext Growth Milan;Euronext Growth;Italy
LEPERMISLIBRE S.A.;FR001400F2Z1;Euronext Growth Paris;Euronext Growth;France
LES HOTELS BAVEREZ;FR0007080254;Euronext Growth Paris;Euronext Growth;France
LEXIBOOK LINGUIST.;FR0000033599;Euronext Growth Paris;Euronext Growth;France
LHYFE S.A.;FR0014009YQ1;Euronext Paris;Compartment B;France
LIFECARE ASA;NO0013355859;Oslo Bors;Compartment C;Norway
LIGHTON;FR0013230950;Euronext Growth Paris;Euronext Growth;France
LINDBERGH;IT0005469272;Euronext Growth Milan;Euronext Growth;Italy
LINEDATA SERVICES;FR0004156297;Euronext Paris;Compartment B;France
LINK MOBILITY GROUP HOLDING;NO0010894231;Oslo Bors;Compartment B;Norway
LISI;FR0000050353;Euronext Paris;Compartment A;France
LITIX;IT0005600801;Euronext Growth Milan;Euronext Growth;Italy
LLEIDA;ES0105089009;Euronext Growth Paris;Euronext Growth;Spain
LNA SANTE;FR0004170017;Euronext Paris;Compartment B;France
LOCASYSTEM INTL;FR0004155208;Euronext Access Paris;Euronext Access;France
LOGIC INSTRUMENT;FR0000044943;Euronext Growth Paris;Euronext Growth;France
LOKOTECH GROUP AS;NO0010921299;Euronext Growth Oslo;Euronext Growth;Norway
LOMBARD ET MEDOT;FR0006205019;Euronext Access Paris;Euronext Access;France
LONGINO&CARDENAL;IT0005337073;Euronext Growth Milan;Euronext Growth;Italy
LOUIS HACHETTE GROUP;FR001400TL40;Euronext Growth Paris;Euronext Growth;France
LUCIBEL;FR0014013HG9;Euronext Growth Paris;Euronext Growth;France
LUCISANO MEDIA GROUP;IT0004522162;Euronext Growth Milan;Euronext Growth;Italy
LUMI EDUCATION GROUP AS;NO0010927288;Euronext Growth Oslo;Euronext Growth;Norway
LUMIBIRD;FR0000038242;Euronext Paris;Compartment B;France
LUVE;IT0005107492;Euronext Milan;Compartment B;Italy
LYTIX BIOPHARMA ASA;NO0010405780;Euronext Growth Oslo;Euronext Growth;Norway
M VEST WATER AS;NO0010976343;Euronext Growth Oslo;Euronext Growth;Norway
MAAT PHARMA;FR0012634822;Euronext Paris;Compartment C;France
MACOMPTA.FR;FR001400NQB6;Euronext Growth Paris;Euronext Growth;France
MAGILLEM DESIGN SERVICES;FR0010827741;Euronext Access Paris;Euronext Access;France
MAGIS;IT0005525347;Euronext Growth Milan;Euronext Growth;Italy
MAGNORA;NO0010187032;Oslo Bors;Compartment B;Norway
MAIRE;IT0004931058;Euronext Milan;Compartment A;Italy
MAISON CLIO BLUE;FR0011092089;Euronext Access Paris;Euronext Access;France
MAISON POMMERY & ASSOCIES;FR0000062796;Euronext Paris;Compartment C;France
MAISONS DU MONDE;FR0013153541;Euronext Paris;Compartment B;France
MAKING SCIENCE GROUP S.A.;ES0105463006;Euronext Growth Paris;Euronext Growth;Spain
MALIN CORPORATION PLC;IE00BVGC3741;Euronext Growth Dublin;Euronext Growth;Ireland
MALTERIES FCO-BEL.;FR0000030074;Euronext Paris;Compartment B;France
MANITOU BF;FR0000038606;Euronext Paris;Compartment B;France
MAPS;IT0005364333;Euronext Growth Milan;Euronext Growth;Italy
MARE ENGINEERING GROUP;IT0005588626;Euronext Growth Milan;Euronext Growth;Italy
MARE NOSTRUM;FR0013400835;Euronext Growth Paris;Euronext Growth;France
MARIE BRIZARD WINE AND SPIRITS;FR0000060873;Euronext Paris;Compartment B;France
MARKBASS;IT0005670960;Euronext Growth Milan;Euronext Growth;Italy
MARR;IT0003428445;Euronext Milan;Compartment B;Italy
Martifer, SGPS, SA;PTMFR0AM0003;Euronext Lisbon;Compartment C;Portugal
MARZOCCHI POMPE;IT0004376858;Euronext Growth Milan;Euronext Growth;Italy
MASI AGRICOLA;IT0004125677;Euronext Growth Milan;Euronext Growth;Italy
MŹSťVAL AS;NO0010974983;Euronext Growth Oslo;Euronext Growth;Norway
MASTRAD;FR0004155687;Euronext Growth Paris;Euronext Growth;France
MATERIALISE NV;BE0974501331;Euronext Brussels;Compartment B;Belgium
MATICA FINTEC;IT0005388449;Euronext Growth Milan;Euronext Growth;Italy
MATVAREEXPRESSEN AS;NO0013008664;Euronext Growth Oslo;Euronext Growth;Norway
MAUNA KEA TECHNOLOGIES S.A.;FR0010609263;Euronext Growth Paris;Euronext Growth;France
MAUREL ET PROM;FR0000051070;Euronext Paris;Compartment A;France
MAZARO;BE0974404361;Euronext Access Brussels;Euronext Access;Belgium
MEDIA CAPITAL;PTGMC0AM0003;Euronext Lisbon;Compartment C;Portugal
MEDIA LAB;IT0005324105;Euronext Access Paris;Euronext Access;Italy
MEDIAN TECHNOLOGIES;FR0011049824;Euronext Growth Paris;Euronext Growth;France
MEDINCELL S.A.;FR0004065605;Euronext Paris;Compartment B;France
MEDISTIM;NO0010159684;Oslo Bors;Compartment B;Norway
MEGLIOQUESTO;IT0005450173;Euronext Growth Milan;Euronext Growth;Italy
MELHUS SPAREBANK;NO0006001908;Oslo Bors;Compartment C;Norway
MEMSCAP REGPT;FR0010298620;Euronext Paris;Compartment C;France
MERSEN;FR0000039620;Euronext Paris;Compartment B;France
MET.EXTRA GROUP;IT0005481855;Euronext Milan;Compartment C;Italy
METAVISIO (THOMSON COMPUTING);FR00140066X4;Euronext Growth Paris;Euronext Growth;France
METHANOR;FR0011217710;Euronext Growth Paris;Euronext Growth;France
METRICS IN BALANCE;BE0974328602;Euronext Access Paris;Euronext Access;Belgium
METRIKS AI;IT0005651481;Euronext Growth Milan;Euronext Growth;Italy
METROPOLE TV;FR0000053225;Euronext Paris;Compartment A;France
MEVIM;IT0005586950;Euronext Growth Milan;Euronext Growth;Italy
MEXEDIA S.P.A;IT0005450819;Euronext Growth Paris;Euronext Growth;Italy
MFE B;NL0015001OJ9;Euronext Milan;Compartment A;Netherlands
MG INTERNATIONAL;FR0010204453;Euronext Growth Paris;Euronext Growth;France
MGI DIGITAL GRAPHI;FR0010353888;Euronext Growth Paris;Euronext Growth;France
MIGUET ET ASSOCIES;FR0010500363;Euronext Access Paris;Euronext Access;France
MIKO;BE0003731453;Euronext Brussels;Compartment C;Belgium
MILIBOO;FR0013053535;Euronext Growth Paris;Euronext Growth;France
MINCON GROUP PLC;IE00BD64C665;Euronext Growth Dublin;Euronext Growth;Ireland
MINT;FR0004172450;Euronext Growth Paris;Euronext Growth;France
MISITANO & STRACUZZI;IT0005603078;Euronext Growth Milan;Euronext Growth;Italy
MIT SIM;IT0005427510;Euronext Growth Milan;Euronext Growth;Italy
MKB Nedsense N.V.;NL0009312842;Euronext Amsterdam;Compartment C;Netherlands
MOLTIPLY GROUP;IT0004195308;Euronext Milan;Compartment A;Italy
MON COURTIER ENERGIE GROUPE S.A.;FR001400H3A0;Euronext Growth Paris;Euronext Growth;France
MONCEY (FIN.) NOM.;FR001400SU99;Euronext Paris;Compartment A;France
MONDADORI EDIT;IT0001469383;Euronext Milan;Compartment B;Italy
MONDO TV;IT0001447785;Euronext Milan;Compartment C;Italy
MONDO TV France;FR0014011ND8;Euronext Growth Paris;Euronext Growth;France
MONNALISA;IT0005338139;Euronext Growth Milan;Euronext Growth;Italy
MONNI;BE0974503352˙;Euronext Growth Brussels;Euronext Growth;Belgium
MONUMENTAL RESIDENCE;PTMNN0AE0006;Euronext Access Lisbon;Euronext Access;Portugal
MOPOLI;NL0000488153;Euronext Brussels;Compartment C;Netherlands
MORELD;NO0013325506;Oslo Bors;Compartment B;Norway
MOTA ENGIL;PTMEN0AE0005;Euronext Lisbon;Compartment A;Portugal
MOULINVEST;FR0011033083;Euronext Growth Paris;Euronext Growth;France
MOURY CONSTRUCT;BE0003602134;Euronext Brussels;Compartment B;Belgium
MPC CONTAINER SHIPS;NO0010791353;Oslo Bors;Compartment B;Norway
MPC ENERGY SOLUTIONS N.V.;NL0015268814;Euronext Growth Oslo;Euronext Growth;Netherlands
MR BRICOLAGE;FR0004034320;Euronext Growth Paris;Euronext Growth;France
MULTICONSULT;NO0010734338;Oslo Bors;Compartment B;Norway
MUNIC;FR0013462231;Euronext Growth Paris;Euronext Growth;France
MUTTER VENTURES, S.A.;ES0105697009;Euronext Access Paris;Euronext Access;Spain
MYHOTELMATCH;FR001400IE67;Euronext Paris;Compartment C;France
NACON;FR0013482791;Euronext Paris;Compartment C;France
NAMR;FR0014003J32;Euronext Growth Paris;Euronext Growth;France
NANOBIOTIX;FR0011341205;Euronext Paris;Compartment B;France
NAPATECH;DK0060520450;Oslo Bors;Compartment C;Denmark
NAVAMEDIC;NO0010205966;Oslo Bors;Compartment C;Norway
NEDAP;NL0000371243;Euronext Amsterdam;Compartment B;Netherlands
NEKKAR;NO0003049405;Oslo Bors;Compartment C;Norway
NEL;NO0010081235;Oslo Bors;Compartment A;Norway
NEODECORTECH;IT0005275778;Euronext Milan;Compartment C;Italy
NEOLIFE;FR0011636083;Euronext Growth Paris;Euronext Growth;France
NEOSPERIENCE;IT0005497018;Euronext Growth Milan;Euronext Growth;Italy
NEOVACS;FR0014018EV4;Euronext Growth Paris;Euronext Growth;France
NETGEM;FR0004154060;Euronext Growth Paris;Euronext Growth;France
NETMEDIA GROUP;FR001400RF99;Euronext Growth Paris;Euronext Growth;France
NEUFCOUR-FIN.;BE0003680916;Euronext Access Brussels;Euronext Access;Belgium
NEURONES;FR0004050250;Euronext Paris;Compartment B;France
NEUROSOFT;GRS802003004;Euronext Growth Milan;Euronext Growth;Greece
New Sources Energy N.V.;NL0009822014;Euronext Amsterdam;Compartment C;Netherlands
NEWPRINCES;IT0005385213;Euronext Milan;Compartment B;Italy
NEWTREE;BE0003832491;Euronext Access Brussels;Euronext Access;Belgium
NEXITY;FR0010112524;Euronext Paris;Compartment B;France
NEXT BIOMETRICS GROUP;NO0013740142;Oslo Bors;Compartment C;Norway
NEXT GEOSOLUTIONS EUROPE;IT0005594418;Euronext Growth Milan;Euronext Growth;Italy
NEXTEDIA;FR0004171346;Euronext Growth Paris;Euronext Growth;France
NFL BIOSCIENCES S.A.;FR0014003XT0;Euronext Growth Paris;Euronext Growth;France
NICOX S.A.;FR0013018124;Euronext Growth Paris;Euronext Growth;France
NIDAROS SPAREBANK;NO0010733082;Euronext Growth Oslo;Euronext Growth;Norway
NORAM DRILLING AS;NO0010360019;Euronext Growth Oslo;Euronext Growth;Norway
NORBIT;NO0010856511;Oslo Bors;Compartment B;Norway
NORCOD;NO0010892912;Euronext Growth Oslo;Euronext Growth;Norway
NORCONSULT ASA;NO0013052209;Oslo Bors;Compartment B;Norway
NORDHEALTH AS A-AKSJER;NO0011002651;Euronext Growth Oslo;Euronext Growth;Norway
NORDIC AQUA PARTNERS AS;NO0012928805;Euronext Growth Oslo;Euronext Growth;Norway
NORDIC FINANCIALS ASA;NO0013683409;Euronext Expand Oslo;Compartment C;Norway
NORDIC HALIBUT AS;NO0003058109;Euronext Growth Oslo;Euronext Growth;Norway
NORDIC MINING;NO0013162693;Oslo Bors;Compartment C;Norway
NORDIC TECHNOLOGY GROUP AS;NO0011018434;Euronext Growth Oslo;Euronext Growth;Norway
NORSE ATLANTIC ASA;NO0012885252;Oslo Bors;Compartment B;Norway
NORSK TITANIUM AS;NO0010969108;Euronext Growth Oslo;Euronext Growth;Norway
NORSKE SKOG;NO0010861115;Oslo Bors;Compartment B;Norway
NORTEM BIOGROUP;ES0105719001;Euronext Access Paris;Euronext Access;Spain
North Atlantic Energies;FR0000120669;Euronext Paris;Compartment B;France
NORTH ENERGY;NO0010550056;Oslo Bors;Compartment C;Norway
NORWEGIAN AIR SHUTTLE;NO0010196140;Oslo Bors;Compartment B;Norway
NORWEGIAN BLOCK EXCHANGE AS;NO0010984966;Euronext Growth Oslo;Euronext Growth;Norway
NOS NOVA AS;NO0010917339;Euronext Growth Oslo;Euronext Growth;Norway
NOS, SGPS, SA;PTZON0AM0006;Euronext Lisbon;Compartment A;Portugal
NOTORIOUS PICTURES;IT0005025355;Euronext Growth Milan;Euronext Growth;Italy
Novabase, SGPS - Nom.;PTNBA0AM0006;Euronext Lisbon;Compartment C;Portugal
NOVACYT;FR0010397232;Euronext Growth Paris;Euronext Growth;France
NOVAMARINE;IT0005605701;Euronext Growth Milan;Euronext Growth;Italy
NOVATECH IND.;FR0000185464;Euronext Access Paris;Euronext Access;France
NR 21;FR0014001PV6;Euronext Paris;Compartment C;France
NRC GROUP;NO0003679102;Oslo Bors;Compartment C;Norway
NRJ GROUP;FR0000121691;Euronext Paris;Compartment B;France
NSC GROUPE;FR0000064529;Euronext Growth Paris;Euronext Growth;France
NSE;FR0004065639;Euronext Growth Paris;Euronext Growth;France
NUSCO;IT0005453110;Euronext Growth Milan;Euronext Growth;Italy
NX FILTRATION N.V.;NL0015000D50;Euronext Amsterdam;Compartment B;Netherlands
NYKODE THERAPEUTICS ASA;NO0010714785;Oslo Bors;Compartment B;Norway
NYRSTAR;BE0974294267;Euronext Brussels;Compartment C;Belgium
NYXOAH SA;BE0974358906;Euronext Brussels;Compartment C;Belgium
OBIZ S.A.;FR0014003711;Euronext Growth Paris;Euronext Growth;France
OBSERVE MEDICAL;NO0013457952;Euronext Expand Oslo;Compartment C;Norway
OCEAN GEOLOOP AS;NO0010914641;Euronext Growth Oslo;Euronext Growth;Norway
OCEAN SUN;NO0010887565;Euronext Growth Oslo;Euronext Growth;Norway
OCI;NL0010558797;Euronext Amsterdam;Compartment A;Netherlands
OCTOPUS BIOSAFETY;FR0013310281;Euronext Access Paris;Euronext Access;France
ODFJELL SER. A;NO0003399909;Oslo Bors;Compartment B;Norway
ODIOT HOLDING;FR0014010DV3;Euronext Access Paris;Euronext Access;France
Odyss‚e Technologies S.A.;FR001400U4P9;Euronext Growth Paris;Euronext Growth;France
OENEO;FR0000052680;Euronext Paris;Compartment B;France
OFFICINA STELLARE;IT0005374035;Euronext Growth Milan;Euronext Growth;Italy
OKEA;NO0010816895;Oslo Bors;Compartment B;Norway
OLIDATA;IT0005634610;Euronext Milan;Compartment C;Italy
OMDA AS;NO0010894512;Euronext Growth Oslo;Euronext Growth;Norway
OMER;IT0005453748;Euronext Growth Milan;Euronext Growth;Italy
OMER-DECUGIS & CIE;FR0014003T71;Euronext Growth Paris;Euronext Growth;France
ONCODESIGN PRECISION MEDICINE;FR001400CM63;Euronext Growth Paris;Euronext Growth;France
Oncoinvent;NO0013711713;Euronext Oslo;Compartment C;"Norway	"
ONE EXPERIENCE;FR0013266772;Euronext Growth Paris;Euronext Growth;France
ONLINEFORMAPRO;FR0004174712;Euronext Access Paris;Euronext Access;France
ONTEX GROUP;BE0974276082;Euronext Brussels;Compartment B;Belgium
ONWARD MEDICAL;NL0015000HT4;Euronext Brussels;Compartment C;Netherlands
OPMOBILITY;FR0000124570;Euronext Paris;Compartment A;France
OPS ECOM;IT0005122400;Euronext Milan;Compartment C;Italy
OPS Italia (ex EEMS Italia);IT0005577868;Euronext Milan;Compartment C;Italy
OPS RETAIL;IT0005545675;Euronext Milan;Compartment C;Italy
OPT;IT0005713646;Euronext Growth Milan;Euronext Growth;Italy
OPTION;BE0974496284;Euronext Brussels;Compartment C;Belgium
ORANGE BELGIUM;BE0003735496;Euronext Brussels;Compartment B;Belgium
ORDISSIMO;FR0013318052;Euronext Growth Paris;Euronext Growth;France
OREGE;FR0010609206;Euronext Paris;Compartment C;France
ORIGIN ENTERPRISES PLC;IE00B1WV4493;Euronext Growth Dublin;Euronext Growth;Ireland
ORSERO;IT0005138703;Euronext Milan;Compartment B;Italy
OSAI AUTOMATION SYSTEM;IT0005424830;Euronext Growth Milan;Euronext Growth;Italy
OSE IMMUNOTHERAPEUTICS;FR0012127173;Euronext Paris;Compartment C;France
OTELLO CORPORATION;NO0010040611;Oslo Bors;Compartment C;Norway
OTOFARMA;IT0005663361;Euronext Growth Milan;Euronext Growth;Italy
OTOVO ASA;NO0013721613 ;Oslo Bors;Compartment C;Norway
OVH;FR0014005HJ9;Euronext Paris;Compartment A;France
OVS;IT0005043507;Euronext Milan;Compartment B;Italy
OXURION;BE0974487192;Euronext Brussels;Compartment C;Belgium
PACTE NOVATION;FR0000077992;Euronext Access Paris;Euronext Access;France
PANORO ENERGY;NO0010564701;Oslo Bors;Compartment B;Norway
PARETO BANK;NO0010397581;Oslo Bors;Compartment B;Norway
PARROT;FR0004038263;Euronext Paris;Compartment C;France
PARX MATERIALS NV;NL0012650535;Euronext Access Paris;Euronext Access;Netherlands
PASQUARELLI AUTO;IT0005546319;Euronext Growth Milan;Euronext Growth;Italy
PASSAT;FR0000038465;Euronext Growth Paris;Euronext Growth;France
PATTERN;IT0005378143;Euronext Growth Milan;Euronext Growth;Italy
PAULIC MEUNERIE;FR0013479730;Euronext Growth Paris;Euronext Growth;France
PB HOLDING N.V.;NL0000336303;Euronext Amsterdam;Compartment C;Netherlands
PELICAN AQUA HOLDING PLC;CY0201461213 ;Euronext Growth Oslo;Euronext Growth;Cyprus
PERMANENT TSB GROUP HOLDINGS PLC;IE00BWB8X525;Euronext Dublin;Compartment B;Ireland
PERRIER (GERARD);FR0000061459;Euronext Paris;Compartment B;France
PET SERVICE HOLDING N.V.;NL0015001HZ9;Euronext Growth Paris;Euronext Growth;Netherlands
PETROLIA;CY0102630916;Oslo Bors;Compartment C;Cyprus
PETRONOR E&P ASA;NO0012942525;Oslo Bors;Compartment C;Norway
PEUGEOT INVEST;FR0000064784;Euronext Paris;Compartment A;France
PEXIP HOLDING;NO0010840507;Oslo Bors;Compartment B;Norway
PHARMANUTRA;IT0005274094;Euronext Milan;Compartment B;Italy
PHARMING GROUP;NL0010391025;Euronext Amsterdam;Compartment B;Netherlands
Pharol, SA;PTPTC0AM0009;Euronext Lisbon;Compartment C;Portugal
PHILOGEN;IT0005373789;Euronext Milan;Compartment B;Italy
PHONE WEB;FR0000185480;Euronext Access Paris;Euronext Access;France
PHOTOCURE;NO0010000045;Oslo Bors;Compartment C;Norway
PHOTONIKE CAPITAL;BE0948608451;Euronext Access Paris;Euronext Access;Belgium
PIAGGIO;IT0003073266;Euronext Milan;Compartment B;Italy
PIERRE VACANCES;FR0000073041;Euronext Paris;Compartment B;France
PININFARINA SPA;IT0003056386;Euronext Milan;Compartment C;Italy
PIQUADRO;IT0004240443;Euronext Milan;Compartment C;Italy
PISCINES DESJOYAUX;FR0000061608;Euronext Growth Paris;Euronext Growth;France
Piu' Medical;IT0005676140;Euronext Growth Milan;Euronext Growth;Italy
PLACOPLATRE;FR0000030769;Euronext Access Paris;Euronext Access;France
PLANETEL;IT0005430951;Euronext Growth Milan;Euronext Growth;Italy
PLANISWARE;FR001400PFU4;Euronext Paris;Compartment A;France
PLANT ADVANCED;FR0010785790;Euronext Growth Paris;Euronext Growth;France
PLAST.VAL LOIRE;FR0013252186;Euronext Growth Paris;Euronext Growth;France
PLASTICOS COMPUESTOS S.A. (KOMPUESTOS);ES0105425005;Euronext Growth Paris;Euronext Growth;Spain
PLC;IT0005339160;Euronext Milan;Compartment C;Italy
PLUXEE;NL0015001W49;Euronext Paris;Compartment A;Netherlands
POLAR RESOURCES AS;NO0013756361;Euronext Growth Oslo;Euronext Growth;Norway
POLARIS MEDIA;NO0010466022;Oslo Bors;Compartment B;Norway
POLIGHT;NO0012535832;Oslo Bors;Compartment C;Norway
POLIGRAFICI PRINTING;IT0004587470;Euronext Growth Milan;Euronext Growth;Italy
PORTO AVIATION GROUP;IT0005545238;Euronext Growth Milan;Euronext Growth;Italy
PORTOBELLO;IT0005337495;Euronext Growth Milan;Euronext Growth;Italy
POSTNL;NL0009739416;Euronext Amsterdam;Compartment B;Netherlands
POUJOULAT;FR0000066441;Euronext Growth Paris;Euronext Growth;France
POULAILLON;FR0013015583;Euronext Growth Paris;Euronext Growth;France
POWERSOFT;IT0005353815;Euronext Growth Milan;Euronext Growth;Italy
POXEL;FR0012432516;Euronext Paris;Compartment C;France
POZZI MILANO;IT0005499949;Euronext Growth Milan;Euronext Growth;Italy
PPI PUBLIC PROPERTY INVEST AB (PUBL);SE0028799411˙;Oslo Bors;Compartment A;Sweden
PREATONI GROUP;FR001400WXE7;Euronext Growth Paris;Euronext Growth;France
PRECIA;FR0014004EC4;Euronext Growth Paris;Euronext Growth;France
PREDICT;IT0005611071;Euronext Growth Milan;Euronext Growth;Italy
PREDILIFE;FR0010169920;Euronext Growth Paris;Euronext Growth;France
PRELUDE S.A.;FR0014011SJ4;Euronext Access Paris;Euronext Access;France
PREMIA FINANCE;IT0005442154;Euronext Growth Milan;Euronext Growth;Italy
PRISMAFLEX INTL;FR0004044600;Euronext Growth Paris;Euronext Growth;France
PROACTIS SA;FR0004052561;Euronext Paris;Compartment C;France
PRODWAYS GROUP;FR0012613610;Euronext Growth Paris;Euronext Growth;France
PROLOGUE;FR0010380626;Euronext Growth Paris;Euronext Growth;France
PROMOTICA;IT0005425365;Euronext Growth Milan;Euronext Growth;Italy
PROPRIETE IMMEUBLES;FR0000061376;Euronext Access Paris;Euronext Access;France
PROSAFE;NO0010861990;Oslo Bors;Compartment C;Norway
PROTECTOR FORSIKRING;NO0010209331;Oslo Bors;Compartment A;Norway
PROXIMAR SEAFOOD AS;NO0010893902;Euronext Growth Oslo;Euronext Growth;Norway
PROXIMUS;BE0003810273;Euronext Brussels;Compartment A;Belgium
PRYME N.V.;NL0015002E73;Euronext Growth Oslo;Euronext Growth;Netherlands
PULLUP ENTERTAINMENT;FR0012419307;Euronext Growth Paris;Euronext Growth;France
PYRATZ CORP.;FR0013371507;Euronext Access Paris;Euronext Access;France
PYRUM INNOVATIONS AG;DE000A2G8ZX8;Euronext Growth Oslo;Euronext Growth;Germany
QUADIENT S.A.;FR0000120560;Euronext Paris;Compartment B;France
QUANTUM GENOMICS;FR0011648971;Euronext Growth Paris;Euronext Growth;France
QWAMPLIFY;FR0010889386;Euronext Growth Paris;Euronext Growth;France
RACING FORCE;IT0005466963;Euronext Growth Milan;Euronext Growth;Italy
RADICI;IT0005379737;Euronext Growth Milan;Euronext Growth;Italy
RAI WAY;IT0005054967;Euronext Milan;Compartment A;Italy
RAIZE-INSTITUICAO DE PAGAMENTOS S.A.;PTRIZ0AM0009;Euronext Access Lisbon;Euronext Access;Portugal
RAMADA INVESTIMENTOS E INDUSTRIA S.A.;PTFRV0AE0004;Euronext Lisbon;Compartment B;Portugal
RAMSAY GENERALE DE SANTE;FR0000044471;Euronext Paris;Compartment A;France
RATTI;IT0004724107;Euronext Milan;Compartment C;Italy
RCS MEDIAGROUP;IT0004931496;Euronext Milan;Compartment B;Italy
REACH SUBSEA;NO0003117202;Oslo Bors;Compartment C;Norway
REALCO;BE0003841583;Euronext Access Brussels;Euronext Access;Belgium
REALITES;FR0011858190;Euronext Growth Paris;Euronext Growth;France
REBIRTH ;IT0005460081;Euronext Growth Paris;Euronext Growth;Italy
RECTICEL;BE0003656676;Euronext Brussels;Compartment B;Belgium
REDELFI;IT0005496101;Euronext Growth Milan;Euronext Growth;Italy
REDFISH LONGTERM CAPITAL;IT0005549354;Euronext Growth Milan;Euronext Growth;Italy
REFUELS N.V.;NL0015001BF4;Euronext Growth Oslo;Euronext Growth;Netherlands
REIBEL;BE0003829463;Euronext Access Brussels;Euronext Access;Belgium
REMYCOINTREAU;FR0000130395;Euronext Paris;Compartment A;France
REN;PTREL0AM0008;Euronext Lisbon;Compartment A;Portugal
RENOVALO;IT0005500571;Euronext Growth Milan;Euronext Growth;Italy
RES;IT0005543613;Euronext Growth Milan;Euronext Growth;Italy
RETI;IT0005418204;Euronext Growth Milan;Euronext Growth;Italy
REVO INSURANCE;IT0005513202;Euronext Milan;Compartment B;Italy
REWAY GROUP;IT0005528069;Euronext Growth Milan;Euronext Growth;Italy
RIBA MUNDO TECNOLOGIA;ES0105724001;Euronext Growth Milan;Euronext Growth;Spain
RIBER;FR0000075954;Euronext Growth Paris;Euronext Growth;France
RINO PETINO;IT0005663429;Euronext Growth Milan;Euronext Growth;Italy
RISANAMENTO;IT0001402269;Euronext Milan;Compartment C;Italy
RISING STONE S.A;FR00140164Q1;Euronext Growth Paris;Euronext Growth;France
RIVER TECH;MT0001710103;Euronext Growth Oslo;Euronext Growth;Malta
ROBERTET;FR0000039091;Euronext Paris;Compartment A;France
ROCHE BOBOIS;FR0013344173;Euronext Paris;Compartment B;France
ROCKET SHARING COMPANY;IT0005481830;Euronext Growth Milan;Euronext Growth;Italy
ROCTOOL;FR0010523167;Euronext Growth Paris;Euronext Growth;France
ROGALAND SPAREBANK;NO0006001007;Oslo Bors;Compartment B;Norway
ROMERIKE SPAREBK;NO0010808405;Euronext Growth Oslo;Euronext Growth;Norway
ROMSDAL SPAREBANK;NO0010759988;Euronext Growth Oslo;Euronext Growth;Norway
ROSETTI MARINO;IT0001017851;Euronext Growth Milan;Euronext Growth;Italy
ROTH MIONS S.A.;FR001400EA65;Euronext Access Paris;Euronext Access;France
ROUGIER S.A.;FR0000037640;Euronext Growth Paris;Euronext Growth;France
ROULARTA;BE0003741551;Euronext Brussels;Compartment B;Belgium
RT&L;IT0005680373;Euronext Growth Milan;Euronext Growth;Italy
S.D. STANDARD ETC PLC;CY0101550917;Oslo Bors;Compartment C;Cyprus
S.M.A.I.O.;FR0014005I80;Euronext Growth Paris;Euronext Growth;France
S.S. LAZIO;IT0003621783;Euronext Milan;Compartment C;Italy
SABAF;IT0001042610;Euronext Milan;Compartment B;Italy
SACCHERIA F.LLI FRANCESCHETTI;IT0005521551;Euronext Growth Milan;Euronext Growth;Italy
SAFE;FR001400ZU25;Euronext Growth Paris;Euronext Growth;France
SAFILO GROUP;IT0004604762;Euronext Milan;Compartment B;Italy
SAGA PURE;NO0010572589;Oslo Bors;Compartment C;Norway
SAINT JEAN GROUPE;FR0000060121;Euronext Paris;Compartment C;France
SALMON EVOLUTION ASA;NO0010892094;Oslo Bors;Compartment B;Norway
SALVATORE FERRAGAMO;IT0004712375;Euronext Milan;Compartment A;Italy
SAMBA DIGITAL SGPS S.A.;PTDGL0AM0003;Euronext Growth Lisbon;Euronext Growth;Portugal
SAMSE;FR0000060071;Euronext Paris;Compartment B;France
SANLORENZO;IT0003549422;Euronext Milan;Compartment A;Italy
SAPMER;FR0010776617;Euronext Growth Paris;Euronext Growth;France
SATS;NO0010863285;Oslo Bors;Compartment B;Norway
SAVENCIA S.A.;FR0000120107;Euronext Paris;Compartment B;France
SAVONNERIE NYONS;FR0013155975;Euronext Access Paris;Euronext Access;France
SBE-VARVIT;IT0005568461;Euronext Growth Milan;Euronext Growth;Italy
SCANA;NO0003053308;Oslo Bors;Compartment C;Norway
SCATEC ASA;NO0010715139;Oslo Bors;Compartment B;Norway
SCEMI;FR0010972091;Euronext Access Paris;Euronext Access;France
SCIENTIA SCHOOL S.A.;ES0105592002;Euronext Access Paris;Euronext Access;Spain
SCIUKER FRAMES;IT0005340051;Euronext Growth Milan;Euronext Growth;Italy
SECHE ENVIRONNEM.;FR0000039109;Euronext Paris;Compartment B;France
SECO;IT0005438046;Euronext Milan;Compartment B;Italy
SED ENERGY HOLDINGS PLC;CY0101162119;Oslo Bors;Compartment C;Cyprus
SELCODIS;FR0000065492;Euronext Paris;Compartment C;France
SELVAAG BOLIG;NO0010612450;Oslo Bors;Compartment B;Norway
SEMAPA;PTSEM0AM0004;Euronext Lisbon;Compartment A;Portugal
SEMCO TECHNOLOGIES;FR0014010H01;Euronext Growth Paris;Euronext Growth;France
SENSORION;FR0012596468;Euronext Growth Paris;Euronext Growth;France
SENTIA;NO0013573014;Oslo Bors;Compartment B;Norway
SENUS PLC;IE000O0F49R3;Euronext Dublin;Euronext Access ;Ireland
SEQUA PETROLEUM NV;NL0010623518;Euronext Access Paris;Euronext Access;Netherlands
SEQUANA MEDICAL;BE0974340722;Euronext Brussels;Compartment C;Belgium
SERGEFERRARI GROUP;FR0011950682;Euronext Growth Paris;;France
SERI INDUSTRIAL;IT0005283640;Euronext Milan;Compartment B;Italy
SESA;IT0004729759;Euronext Milan;Compartment A;Italy
SG COMPANY;IT0005337172;Euronext Growth Milan;Euronext Growth;Italy
SHOWROOMPRIVE;FR0013006558;Euronext Paris;Compartment C;France
SIAV;IT0005504128;Euronext Growth Milan;Euronext Growth;Italy
SICILY BY CAR;IT0005556581;Euronext Growth Milan;Euronext Growth;Italy
SIDETRADE;FR0010202606;Euronext Growth Paris;Euronext Growth;France
SIF HOLDING;NL0011660485;Euronext Amsterdam;Compartment B;Netherlands
SIGNAUX GIROD;FR0000060790;Euronext Growth Paris;Euronext Growth;France
SIMONE;IT0005573123;Euronext Growth Milan;Euronext Growth;Italy
SIPEF;BE0003898187;Euronext Brussels;Compartment B;Belgium
SIRIUS MEDIA;FR0014017FP5;Euronext Growth Paris;Euronext Growth;France
SIT;IT0005262149;Euronext Milan;Compartment C;Italy
SKANDIA GREENPOWER AS;NO0010931207;Euronext Growth Oslo;Euronext Growth;Norway
SKUE SPAREBANK;NO0006001809;Oslo Bors;Compartment C;Norway
Sligro Food Group N.V.;NL0000817179;Euronext Amsterdam;Compartment B;Netherlands
SMALTO;FR0011131788;Euronext Access Paris;Euronext Access;France
SMART CAPITAL;IT0005621070;Euronext Growth Milan;Euronext Growth;Italy
SMARTOPTICS GROUP ASA;NO0011012502;Oslo Bors;Compartment B;Norway
SMCP;FR0013214145;Euronext Paris;Compartment B;France
SMTPC;FR0004016699;Euronext Growth Paris;Euronext Growth;France
SOC FRANC CASINOS;FR0010209809;Euronext Paris;Compartment C;France
SOCIETA' EDITORIALE IL FATTO;IT0005353484;Euronext Growth Milan;Euronext Growth;Italy
SODITECH;FR0000078321;Euronext Growth Paris;Euronext Growth;France
SOFTIMAT;BE0003773877;Euronext Growth Brussels;Euronext Growth;Belgium
SOFTLAB;IT0001469953;Euronext Milan;Compartment C;Italy
SOFTOX SOLUTIONS;NO0010811961;Euronext Growth Oslo;Euronext Growth;Norway
SOGECLAIR;FR0000065864;Euronext Growth Paris;Euronext Growth;France
SOGEFI;IT0000076536;Euronext Milan;Compartment B;Italy
SOGES GROUP;IT0005597411;Euronext Growth Milan;Euronext Growth;Italy
SOGN SPAREBANK;NO0006000603;Oslo Bors;Compartment C;Norway
SOILTECH ASA;NO0010713571;Euronext Oslo;Compartment C;Norway
SOITEC;FR0013227113;Euronext Paris;Compartment A;France
SOL;IT0001206769;Euronext Milan;Compartment A;Italy
SOLID WORLD GROUP;IT0005497893;Euronext Growth Milan;Euronext Growth;Italy
SOLOCAL GROUP;FR001400SA10;Euronext Paris;Compartment C;France
SOLSTAD MARITIME;NO0013135368;Oslo Bors;Compartment B;Norway
SOLSTAD OFFSHORE;NO0003080608;Oslo Bors;Compartment B;Norway
SOLUTIONS 30 SE;FR0013379484;Euronext Paris;Compartment B;France
SOLVACNOM(RETAIL);BE0003545531;Euronext Brussels;Compartment A;Belgium
SOMEC;IT0005329815;Euronext Milan;Compartment B;Italy
SONAE;PTSON0AM0001;Euronext Lisbon;Compartment A;Portugal
SONAECOM,SGPS;PTSNC0AM0006;Euronext Lisbon;Compartment B;Portugal
SONAGI;PTSNG0AM0007;Euronext Access Lisbon;Euronext Access;Portugal
SOSTRAVEL.COM;IT0005338675;Euronext Growth Milan;Euronext Growth;Italy
SPADEL;BE0003798155;Euronext Brussels;Compartment B;Belgium
SPARBNK 68 GR NORD;NO0010887110;Euronext Growth Oslo;Euronext Growth;Norway
SPAREBANK 1 SMN;NO0006390301;Oslo Bors;Compartment A;Norway
SPAREBANKEN MťRE;NO0012483207;Oslo Bors;Compartment B;Norway
SPAREBANKEN ťST;NO0006222009;Oslo Bors;Compartment C;Norway
SPAREBANKEN VEST;NO0006000900;Oslo Bors;Compartment A;Norway
SPARTOO;FR00140043Y1;Euronext Growth Paris;Euronext Growth;France
SPBK 1 NORDMťRE;NO0010691660;Oslo Bors;Compartment C;Norway
SPBK 1 ťSTLANDET;NO0010751910;Oslo Bors;Compartment A;Norway
SPBK1 HELGELAND;NO0010029804;Oslo Bors;Compartment B;Norway
SPBK1 NORD-NORGE;NO0006000801;Oslo Bors;Compartment B;Norway
SPBK1 ťSTFOLD AKER;NO0010285562;Oslo Bors;Compartment B;Norway
SPBK1 RINGERIKE;NO0006390400;Oslo Bors;Compartment B;Norway
SPEED RABBIT PIZZA;FR0000054371;Euronext Access Paris;Euronext Access;France
SPINEGUARD;FR0011464452;Euronext Growth Paris;Euronext Growth;France
SPINEWAY;FR001400N2P2;Euronext Growth Paris;Euronext Growth;France
Sporting Clube de Braga;PTSCB0AM0001;Euronext Access Lisbon;Euronext Access;Portugal
Sporting Clube de Portugal;PTSCP0AM0001;Euronext Lisbon;Compartment C;Portugal
ST DUPONT;FR0000054199;Euronext Paris;Compartment C;France
STAINLESS TANKERS ASA;NO0012780958;Euronext Growth Oslo;Euronext Growth;Norway
STAR7;IT0005466195;Euronext Growth Milan;Euronext Growth;Italy
STEF;FR0000064271;Euronext Paris;Compartment A;France
STIF;FR001400MDW2;Euronext Growth Paris;Euronext Growth;France
STRADIM;FR0000074775;Euronext Growth Paris;Euronext Growth;France
STREAMWIDE;FR0010528059;Euronext Growth Paris;Euronext Growth;France
STREIT MECANIQUE;FR0000063976;Euronext Access Paris;Euronext Access;France
STRONGPOINT;NO0010098247;Oslo Bors;Compartment C;Norway
SVAS BIOSANA;IT0005469264;Euronext Growth Milan;Euronext Growth;Italy
SWORD GROUP;FR0004180578;Euronext Paris;Compartment B;France
SYNERGIE;FR0000032658;Euronext Paris;Compartment B;France
SYS-DAT;IT0005595423;Euronext Milan;Compartment C;Italy
TALEA GROUP;IT0005378333;Euronext Growth Milan;Euronext Growth;Italy
TAMBURI;IT0003153621;Euronext Milan;Compartment A;Italy
TBSO;FR0000063307 ;Euronext Paris;Compartment C;France
TECHNOGYM;IT0005162406;Euronext Milan;Compartment A;Italy
TECHNOPROBE;IT0005482333;Euronext Milan;Compartment A;Italy
TECHSTEP;NO0012916131;Oslo Bors;Compartment C;Norway
TECMA SOLUTIONS;IT0005425050;Euronext Growth Milan;Euronext Growth;Italy
TECNO;IT0005658841;Euronext Growth Milan;Euronext Growth;Italy
Teixeira Duarte, SA;PTTD10AM0000;Euronext Lisbon;Compartment C;Portugal
TEKNA HOLDING ASA;NO0010951577;Oslo Bors;Compartment C;Norway
TELESIA;IT0005240046;Euronext Growth Milan;Euronext Growth;Italy
TELEVISTA;FR0011076595;Euronext Access Paris;Euronext Access;France
TELMES;IT0005683401;Euronext Growth Milan;Euronext Growth;Italy
TENAX INTERNATIONAL;IT0005428898;Euronext Growth Milan;Euronext Growth;Italy
TESMEC;IT0004585243;Euronext Milan;Compartment C;Italy
TESSELLIS;IT0005496473;Euronext Milan;Compartment C;Italy
TESSENDERLO GROUP;BE0003555639;Euronext Brussels;Compartment A;Belgium
TEXAF;BE0974263924;Euronext Brussels;Compartment C;Belgium
TF1;FR0000054900;Euronext Paris;Compartment A;France
TFF GROUP;FR0013295789;Euronext Paris;Compartment B;France
TGS ASA;NO0003078800;Oslo Bors;Compartment A;Norway
THE AZUR SELECTION S.A.;GRS528003007;Euronext Access Paris;Euronext Access;Greece
THE ITALIAN SEA GROUP;IT0005439085;Euronext Milan;Compartment B;Italy
THE KINGFISH COMPANY;NL00150001S5;Euronext Growth Oslo;Euronext Growth;Netherlands
THEON INTERNATIONAL PLC;CY0200751713;Euronext Amsterdam;Compartment B;Cyprus
THERACLION;FR0010120402;Euronext Growth Paris;Euronext Growth;France
THERMADOR GROUPE;FR0013333432;Euronext Paris;Compartment B;France
THOR MEDICAL ASA;NO0010597883;Oslo Bors;Compartment C;Norway
THX PHARMA;FR0013286259;Euronext Growth Paris;Euronext Growth;France
TINC;BE0974282148;Euronext Brussels;Compartment B;Belgium
TINEXTA;IT0005037210;Euronext Milan;Compartment B;Italy
TITAN S.A.;BE0974338700;Euronext Brussels;Compartment A;Belgium
TME PHARMA;NL0015000YE1;Euronext Growth Paris;Euronext Growth;Netherlands
TMP GROUP;IT0005531238;Euronext Growth Milan;Euronext Growth;Italy
TOMTOM;NL0013332471;Euronext Amsterdam;Compartment B;Netherlands
TONNER DRONES S.A.;FR001400H2X4;Euronext Growth Paris;Euronext Growth;France
TOOSLA;FR00140062B9;Euronext Growth Paris;Euronext Growth;France
TOSCANA AEROPORTI;IT0000214293;Euronext Milan;Compartment B;Italy
TOUAX;FR0000033003;Euronext Growth Paris;Euronext Growth;France
Toyota Caetano;PTSCT0AP0018;Euronext Lisbon;Compartment B;Portugal
TPS;IT0005246142;Euronext Growth Milan;Euronext Growth;Italy
TRACTIAL (ex-BD MULTI MEDIA);FR0014014ZV8;Euronext Growth Paris;Euronext Growth;France
TRADELAB;IT0005651507;Euronext Growth Milan;Euronext Growth;Italy
TRANSGENE;FR0005175080;Euronext Paris;Compartment C;France
TRANSITION EVERGREEN;FR0000035784;Euronext Paris;Compartment C;France
TRAWELL CO;IT0005717571;Euronext Growth Milan;Euronext Growth;Italy
TRENDEVICE;IT0005422792;Euronext Growth Milan;Euronext Growth;Italy
TREVI FIN IND;IT0005709909;Euronext Milan;Compartment C;Italy
TRIBOO;IT0005001554;Euronext Milan;Compartment C;Italy
TRILOGIQ;FR0010397901;Euronext Growth Paris;Euronext Growth;France
TROC ILE;FR0000031106;Euronext Access Paris;Euronext Access;France
TRťNDELAG SPBK;NO0010788268;Oslo Bors;Compartment C;Norway
TXCOM;FR0010654087;Euronext Growth Paris;Euronext Growth;France
TXT E-SOLUTIONS;IT0001454435;Euronext Milan;Compartment B;Italy
U10 CORP;FR0000079147;Euronext Growth Paris;Euronext Growth;France
Ubaldi Costruzioni ;IT0005628158;Euronext Growth Milan;Euronext Growth;Italy
UBISOFT ENTERTAIN;FR0000054470;Euronext Paris;Compartment A;France
UCAPITAL24;IT0005380461;Euronext Growth Milan;Euronext Growth;Italy
UMALIS GROUP;FR0011776889;Euronext Access Paris;Euronext Access;France
UNIDATA;IT0005573065;Euronext Milan;Compartment C;Italy
UNIFY GROUP;FR0010820274;Euronext Growth Paris;Euronext Growth;France
UNION TECH.INFOR.;FR0000074197;Euronext Paris;Compartment C;France
UNIPHAR PLC;IE00BJ5FQX74;Euronext Growth Dublin;Euronext Growth;Ireland
UPERGY;FR0010337865;Euronext Growth Paris;Euronext Growth;France
UV GERMI;FR0011898584;Euronext Growth Paris;Euronext Growth;France
VAA VISTA ALEGRE;PTVAA0AM0019;Euronext Lisbon;Compartment C;Portugal
VALBIOTIS;FR0013254851;Euronext Growth Paris;Euronext Growth;France
VALERIO THERAPEUTICS;FR0010095596;Euronext Growth Paris;Euronext Growth;France
VALICA;IT0005562514;Euronext Growth Milan;Euronext Growth;Italy
VALNEVA SE;FR0004056851;Euronext Paris;Compartment B;France
VALSOIA;IT0001018362;Euronext Milan;Compartment C;Italy
VALTECNE;IT0005532525;Euronext Growth Milan;Euronext Growth;Italy
VALUE8;NL0010661864;Euronext Amsterdam;Compartment C;Netherlands
VAN DE VELDE;BE0003839561;Euronext Brussels;Compartment B;Belgium
VANTEA SMART;IT0005433765;Euronext Growth Milan;Euronext Growth;Italy
VANTIVA S.A.;FR0013505062;Euronext Paris;Compartment C;France
VAZIVA SA;FR0014007T10;Euronext Growth Paris;Euronext Growth;France
VEIDEKKE;NO0005806802;Oslo Bors;Compartment A;Norway
VENTE UNIQUE.COM;FR0010766667;Euronext Growth Paris;Euronext Growth;France
VERGNET;FR0014010YR7;Euronext Growth Paris;Euronext Growth;France
VERIMATRIX;FR0010291245;Euronext Paris;Compartment C;France
VETOQUINOL;FR0004186856;Euronext Paris;Compartment A;France
VGP;BE0003878957;Euronext Brussels;Compartment A;Belgium
VIALIFE;FR0010326090;Euronext Growth Paris;Euronext Growth;France
VICAT;FR0000031775;Euronext Paris;Compartment A;France
VIEL ET COMPAGNIE;FR0000050049;Euronext Paris;Compartment B;France
VIMI FASTENERS;IT0004717200;Euronext Growth Milan;Euronext Growth;Italy
VINEXT;IT0005652414;Euronext Growth Milan;Euronext Growth;Italy
VINPAI S.A.;FR001400AXT1;Euronext Growth Paris;Euronext Growth;France
VIOHALCO;BE0974271034;Euronext Brussels;Compartment A;Belgium
VIRBAC;FR0000031577;Euronext Paris;Compartment A;France
VIRIDIEN;FR001400PVN6;Euronext Paris;Compartment B;France
VIRTUALWARE;ES0105704003;Euronext Growth Paris;Euronext Growth;Spain
VISTIN PHARMA;NO0010734122;Oslo Bors;Compartment C;Norway
VIVENDA GROUP;IT0005622581;Euronext Growth Milan;Euronext Growth;Italy
VIVORYON THERAPEUTICS N.V.;NL00150002Q7;Euronext Amsterdam;Compartment B;Netherlands
VNE;IT0005556110;Euronext Growth Milan;Euronext Growth;Italy
VOGO;FR0011532225;Euronext Growth Paris;Euronext Growth;France
VOLTALIA;FR0011995588;Euronext Paris;Compartment A;France
VOSS VEKSEL- OG LANDMANDSBANK;NO0003025009;Oslo Bors;Compartment C;Norway
VOW;NO0010708068;Oslo Bors;Compartment C;Norway
VOYAGEURS DU MONDE;FR0004045847;Euronext Growth Paris;Euronext Growth;France
Vusion;FR0010282822;Euronext Paris;Compartment A;France
WAGA ENERGY;FR0012532810;Euronext Paris;Compartment B;France
WALLIX;FR0010131409;Euronext Growth Paris;Euronext Growth;France
WATERA;FR001400IUV6;Euronext Growth Paris;Euronext Growth;France
WAVESTONE;FR0013357621;Euronext Paris;Compartment A;France
WE.CONNECT;FR0013079092;Euronext Growth Paris;Euronext Growth;France
WEACCESS GROUP;FR0010688465;Euronext Access Paris;Euronext Access;France
WEBSOLUTE;IT0005384901;Euronext Growth Milan;Euronext Growth;Italy
WEBSTEP;NO0010609662;Oslo Bors;Compartment C;Norway
WEBUILD;IT0003865570;Euronext Milan;Compartment A;Italy
WESTERN BULK CHARTERING AS;NO0010768096;Euronext Growth Oslo;Euronext Growth;Norway
WEYA;FR0010768770;Euronext Access Paris;Euronext Access;France
WHAT'S COOKING GROUP;BE0003573814;Euronext Brussels;Compartment C;Belgium
WHITESTONE GROUP;BE0974401334;Euronext Growth Brussels;Euronext Growth;Belgium
WIIT;IT0005440893;Euronext Milan;Compartment B;Italy
WILH. WILHELMSEN HOLDING SER. A;NO0010571698;Oslo Bors;Compartment A;Norway
WINAMP GROUP;BE0974334667;Euronext Growth Paris;Euronext Growth;Belgium
WINFARM;FR0014000P11;Euronext Growth Paris;Euronext Growth;France
WITBE;FR0013143872;Euronext Growth Paris;Euronext Growth;France
WORLDLINE;FR00140182K6;Euronext Paris;Compartment B;France
XENIA HOTELLERIE SOLUTION;IT0005568487;Euronext Growth Milan;Euronext Growth;Italy
X-FAB SILICON FOUNDRIES SE;BE0974310428;Euronext Paris;Compartment A;Belgium
XILAM ANIMATION;FR0004034072;Euronext Growth Paris;Euronext Growth;France
XPLORA TECHNOLOGIES;NO0010895782;Euronext Growth Oslo;Euronext Growth;Norway
YAKKYO;IT0005573966;Euronext Growth Milan;Euronext Growth;Italy
YOLO GROUP;IT0005495871;Euronext Growth Milan;Euronext Growth;Italy
YOUNITED FINANCIAL;LU2999653251;Euronext Paris;Compartment B;Luxembourg
ZALARIS;NO0010708910;Oslo Bors;Compartment C;Norway
ZAPTEC ASA;NO0010713936;Oslo Bors;Compartment B;Norway
ZELLUNA;NO0013524942;Oslo Bors;Compartment C;Norway
ZEST;IT0005013013;Euronext Milan;Compartment C;Italy
ZIGNAGO VETRO;IT0004171440;Euronext Milan;Compartment A;Italy
ZUCCHI;IT0005395071;Euronext Milan;Compartment C;Italy
